-3.46944695195361e-17,-0,1.38777878078145e-17
0.000351177949248154,9.21593776617216e-05,-0.000172207450566605
0.000794695773899105,-6.98058172488143e-06,-0.000246272810624413
0.00163828098529399,9.98996504995225e-05,-0.00051629214377655
0.00248114433677406,0.000866915969669984,-0.000470311793010275
0.00304897025559611,0.000732396244017226,0.000245927078646071
0.00415714487575444,2.46718775951443e-05,0.000684096060634347
0.00518674087129158,-0.00049169414083804,0.000809220741886369
0.00640678459681105,-0.000960595872054462,0.00125782584375464
0.00736658373993953,-0.00158780994918731,0.00187548287727234
0.00827033012500757,-0.00181036596308649,0.00161873249639258
0.0093327146216567,-0.00194529157342214,0.00147072478776212
0.0112012459992489,-0.00187860728853755,0.00115391185031355
0.0125579968454648,-0.00160830904996912,0.000812180907891053
0.0140388667235323,-0.00188481386351315,0.000682458234121367
0.0157860497254311,-0.00270954651116689,0.000572450850275024
0.0174120066946335,-0.00328622454407454,-3.51158624857173e-05
0.0192550244611284,-0.00381150640162302,-0.000804256949704614
0.0220180654322991,-0.00461592736324317,-0.00146217099519487
0.0251263518027939,-0.00603981579620599,-0.00197911328606662
0.0287048806344046,-0.00781145564335766,-0.0025519351282143
0.0330554201779944,-0.00966922640599881,-0.00308946603984417
0.0376674518010246,-0.0115760921844612,-0.00366029274298164
0.0427482551694393,-0.0136776951559429,-0.00450787600427814
0.0478241461100605,-0.0167948990226231,-0.00514157790391077
0.0528550279244966,-0.0201956426430089,-0.00606552839538922
0.058390511456345,-0.0225111002702394,-0.00758973608044715
0.0635059188480983,-0.025331955149083,-0.0092156338373387
0.0687759239897073,-0.0277576895462647,-0.0112214877500508
0.0747776158336854,-0.0292680353659421,-0.0130101405081507
0.0805734403992066,-0.0313614151755365,-0.0146238840782241
0.0869751156980157,-0.0344644340965985,-0.0166156324696337
0.0941674361235623,-0.037512068146491,-0.0190332891319753
0.101402104108047,-0.0400511889360769,-0.0216724714214315
0.107832559922685,-0.0427235133158697,-0.0243012892086701
0.113800350541641,-0.0450792363251588,-0.027038001338975
0.120414969264241,-0.0472622439355872,-0.0296112790699929
0.126899066672311,-0.0495069642802062,-0.0312848136065787
0.13321714198743,-0.0520520334848352,-0.0329059721712414
0.13989084484453,-0.0541746700267949,-0.0350373959818668
0.146581888788477,-0.0566767307340784,-0.036797097411724
0.153205388784979,-0.0587847935728501,-0.0381645220082865
0.159281375686904,-0.0605484035464552,-0.0396574001886179
0.164809852793425,-0.0630521599290015,-0.0410537839279749
0.170495458668295,-0.0658445189100913,-0.0422724449405977
0.176357731905807,-0.0686227041396306,-0.0431164988366257
0.180729366754005,-0.0718745199691174,-0.0438815014984883
0.183901524431664,-0.0748152033037212,-0.0443690647493878
0.187821060035142,-0.0759442991926608,-0.0445677597210837
0.192091689736559,-0.0762747958986262,-0.0446386821347719
0.19544253221407,-0.0768482231454037,-0.0444020968997594
0.197638166025378,-0.076405289771467,-0.0445883278043674
0.200323563757946,-0.0761915050497704,-0.0437626628079263
0.203229493364732,-0.0781047814564415,-0.0422610849644148
0.204940958101053,-0.0794880347081547,-0.04088662749485
0.205772059063031,-0.0790517063949679,-0.0398406303516526
0.205593352204938,-0.0798178686937291,-0.0383504580794181
0.205879544792162,-0.0805760461813266,-0.0373428144258959
0.205458247111575,-0.0796015781537191,-0.0373598955899378
0.203588167457858,-0.0786493091555679,-0.0366258594557996
0.202186706408544,-0.0767632644043756,-0.036081325002289
0.201728066588249,-0.0725870447190293,-0.0353548221257238
0.19972523426366,-0.0688133765137276,-0.0344672954080223
0.195826247178108,-0.0651322120709786,-0.0338807988627752
0.191563686264522,-0.0622299188502329,-0.0333981762715696
0.187717734210418,-0.0604451085171192,-0.0339707654406384
0.184013232538919,-0.058873829077725,-0.034157181117619
0.179478163844712,-0.057941642335368,-0.034557936921847
0.174570476476678,-0.0563355337630523,-0.0347818875001584
0.16923480289893,-0.055706612858345,-0.0333566683937702
0.164212996450382,-0.0565908829619212,-0.0307310829776544
0.159673389129612,-0.0566763031453672,-0.0289527596622626
0.154626728257061,-0.0553509124936946,-0.0289468692631239
0.148571085667945,-0.0582151082689972,-0.0276445886213239
0.143727739545433,-0.0600593311487126,-0.02577365482324
0.138698594176892,-0.0587064983341869,-0.0245647531815317
0.13174751219456,-0.0594621799093389,-0.0227478525965652
0.124004096839924,-0.0630269979626125,-0.0207077457316755
0.117403465030815,-0.0668005808492007,-0.0181384179234785
0.112012419913143,-0.0673724657159884,-0.015411322099271
0.106263480884406,-0.0658056055007926,-0.0139221200225329
0.0987872523598543,-0.0671581750274631,-0.0125370680231322
0.0898274501496269,-0.0735723930654041,-0.0114906052454262
0.0812614545471079,-0.0798076112735913,-0.0117081009397546
0.0733654123470225,-0.0811321065395023,-0.0128159697476395
0.0632693110136415,-0.0833996691509929,-0.0128401021375307
0.0520798785248493,-0.0891323147218632,-0.0132075170304405
0.0434602515390282,-0.0914281476529386,-0.0145173622211875
0.0346469513484101,-0.0923737260138359,-0.0144365957385156
0.023602407673193,-0.0969590504419354,-0.0120251544325495
0.0145508417941512,-0.102956957289316,-0.00780428899854592
0.00699766299155722,-0.105229823315925,-0.0054320458287536
-0.00166669795687182,-0.105859650165462,-0.00337340288071916
-0.0099432766813129,-0.108959759729584,-0.000649151971840458
-0.0176953697338376,-0.110522691148716,0.0010021616452202
-0.0261103319460949,-0.111007676433789,0.00321182490508141
-0.0337038024995081,-0.113937706199027,0.00606155100920966
-0.0409112670148611,-0.116932311360511,0.00826924313742354
-0.0498595577929425,-0.118198712153426,0.0106358957184048
-0.0590428349758389,-0.120524540649885,0.0135790297889963
-0.0674004401546997,-0.122131809566246,0.0139662732670524
-0.0755385097568243,-0.123917560398508,0.0138872749841277
-0.083947650148949,-0.124430101318127,0.0152886175112405
-0.0927775648832494,-0.11975972479704,0.0159161792300747
-0.102066167504714,-0.114438212304202,0.0171984738547116
-0.111243211668878,-0.108707751915998,0.0172934451195565
-0.121139567257081,-0.104721095047855,0.019384971528769
-0.132677993594107,-0.10230749556948,0.0251053625722985
-0.144847056743314,-0.0989704940197981,0.0286908271199749
-0.157053579914301,-0.0950311550987064,0.0316792261492718
-0.168715989227301,-0.0947051200986838,0.0349802971334699
-0.180014552042533,-0.0983506837368286,0.0390899415202582
-0.191275153136183,-0.101312274312402,0.0437150176689966
-0.202861361185284,-0.105451302069716,0.0466977277424198
-0.213844021567376,-0.111198101518253,0.0476902204597371
-0.224090052686227,-0.117092249630611,0.0475466592300238
-0.234032708153494,-0.121555634277352,0.0475731272946311
-0.244254677628196,-0.125774578110224,0.0484947322202394
-0.25349609800055,-0.130808569946934,0.049695647168805
-0.262160988087193,-0.134502640521226,0.0503386897714403
-0.270457213840517,-0.136155224396191,0.0507079047158531
-0.278819575283662,-0.137615841063453,0.0514809842061308
-0.286557004966368,-0.137648915357288,0.0522140002492586
-0.293989911383142,-0.136224367827586,0.0516181636885728
-0.302215183453195,-0.134281296961847,0.0520160976390315
-0.30950923553569,-0.132607916212537,0.0515656762969143
-0.316208591795484,-0.130481379576095,0.0506456998010504
-0.322389696384596,-0.128468389937053,0.0497219981447003
-0.3293658830568,-0.126944832182948,0.0490068295249547
-0.336442375095666,-0.126969395106827,0.0498614692061063
-0.342681669986351,-0.12804826363046,0.052263291524473
-0.349571062309085,-0.127991967954961,0.0543757224975941
-0.357252914760417,-0.128287755826327,0.0572642139618233
-0.365318771827225,-0.128595755444123,0.0597800682736084
-0.373944227636411,-0.127750850410301,0.0608818127747358
-0.38256861205819,-0.127145491390211,0.06257622093123
-0.39066508908416,-0.127745291391109,0.0639174177238388
-0.398374623588951,-0.127033476657612,0.0640239848008559
-0.406541489758132,-0.124860960856381,0.0641360233808813
-0.415002741464643,-0.12229721594621,0.064660902555074
-0.422278780495145,-0.120731501129722,0.0672769239063173
-0.427774980408313,-0.121472159111033,0.0744654057563572
-0.433506135619522,-0.123437968321845,0.0822485456822318
-0.440388520892787,-0.125917202330314,0.088045663496506
-0.448154063238601,-0.127621945667972,0.0915007178445129
-0.45618229411082,-0.128049989119472,0.0942815309601233
-0.46411898346413,-0.127390860653821,0.0958426798100029
-0.472336414663289,-0.124551803429045,0.0966555273988089
-0.480278306506148,-0.120634224661575,0.0967233165172031
-0.486615206934108,-0.117575023232031,0.0970879282837231
-0.491918706248267,-0.115161836011167,0.0985265215445919
-0.497103563882663,-0.114574296630916,0.101295174823417
-0.502231012506695,-0.115577165083792,0.104729390466944
-0.507689474191566,-0.117173161676667,0.107088239897052
-0.513599168224939,-0.117885020282669,0.108323809434496
-0.519789402301396,-0.117877984110655,0.109380643962855
-0.52636117670121,-0.116708874883004,0.109710270027294
-0.532379636274372,-0.114835725026892,0.110275739922489
-0.53764666145031,-0.113649562287362,0.111231563640699
-0.54276193440839,-0.112150763730804,0.111499870736782
-0.547479517157119,-0.110456687740858,0.111692771310922
-0.55140648435551,-0.109831450999437,0.112239349355951
-0.555436241793467,-0.110253447342912,0.113567555976191
-0.5593275837062,-0.111209795713617,0.115195656582313
-0.56341495915241,-0.112045293704003,0.116101039067015
-0.567749564624161,-0.112610038281567,0.11625534631556
-0.571305077450437,-0.112337131718999,0.116115634828165
-0.574591406291603,-0.111289316960733,0.11678277414135
-0.577800181230108,-0.110643409732238,0.11883807216895
-0.581290675585429,-0.1108031058051,0.121673968040463
-0.584782174055391,-0.111282080132297,0.123345783573101
-0.587974025746263,-0.112051461438663,0.12377688875446
-0.590112634330008,-0.113046640985244,0.124700125464313
-0.592154282097515,-0.114094856667587,0.125376708563731
-0.594424678719691,-0.114341425295057,0.125891947333468
-0.596597055830923,-0.114321701238566,0.126407752625432
-0.598298633117143,-0.114591337729279,0.127274504317129
-0.599864079707149,-0.115148814036196,0.128403047431717
-0.601181683921904,-0.116072663544052,0.129505311734403
-0.6025434167137,-0.117474916446483,0.130767792111209
-0.603586931099905,-0.119361630373356,0.132387255291956
-0.60475086185502,-0.12119701612327,0.132707668374931
-0.605989602525853,-0.122500940816132,0.131268858710341
-0.606419945689218,-0.123292509828892,0.129025393001986
-0.60589399047222,-0.124021501023557,0.126736256122008
-0.604839076597314,-0.124172088082481,0.124200609573848
-0.602824363992861,-0.124682603222569,0.122572605123562
-0.600140220269202,-0.126627879836618,0.123037695719561
-0.597663023314448,-0.129161250536248,0.123305153458588
-0.595386686323249,-0.131343401246895,0.121928463302144
-0.592655565933383,-0.134233370802355,0.121640514896666
-0.591106765677865,-0.1370575550207,0.120814792740227
-0.590343962753139,-0.138265181946819,0.117804020105292
-0.589213959167111,-0.138697888157904,0.114663143892403
-0.587584916424784,-0.140070795840743,0.112877110252366
-0.585419745529934,-0.141761504143136,0.110683400781673
-0.584016696746832,-0.14292925413873,0.10842650023939
-0.582706852825027,-0.144536575892495,0.107050253045528
-0.580618407328247,-0.146604406083309,0.106301851374663
-0.578764341444655,-0.148685158261828,0.105775609722925
-0.576777546532416,-0.1512231769256,0.104900653288497
-0.574655196487856,-0.153340719331456,0.103210952116582
-0.571607433777877,-0.153847498181045,0.100709558801376
-0.567618246477102,-0.154322440756821,0.100247158939256
-0.563479055104882,-0.15435878684313,0.100061724671659
-0.558871903921822,-0.153166841577005,0.0975208372425778
-0.552673073446102,-0.1517007681168,0.093614188513682
-0.545608224143531,-0.150350281938058,0.0912176353772005
-0.538457232011194,-0.150235155999393,0.0902923685600348
-0.532216987379366,-0.150405106517252,0.0893613982177763
-0.525762313731092,-0.150887901405327,0.0875468104612965
-0.518320418093252,-0.152085488435248,0.0855481533574823
-0.510196883157963,-0.153802050408286,0.0861940872880753
-0.500621350123785,-0.155396801410645,0.0890394152709793
-0.491047412191834,-0.158709173029399,0.0914775363883045
-0.481090600113477,-0.161623562753102,0.0921469786079415
-0.469444926469555,-0.161558094016132,0.0917971275010116
-0.456835461503006,-0.158604761687069,0.0910458042222481
-0.44573769758985,-0.154671440533597,0.0894833631222907
-0.433657631157556,-0.152158255752589,0.0879083025364062
-0.420860500776173,-0.151511284933238,0.0877302447312358
-0.41094055601179,-0.152127821375902,0.0866017854605258
-0.401353807797745,-0.153920209720241,0.0847576773470765
-0.390695745100683,-0.154589992440313,0.0812269433268129
-0.382142133301736,-0.153899413804006,0.0788021995930505
-0.375350842017187,-0.153385540931984,0.0781483303400121
-0.368028610670368,-0.152615686014376,0.0772807816536395
-0.359184428823791,-0.151616222396791,0.078901148918131
-0.350211386307313,-0.151195969968791,0.0810542514732845
-0.342890551078937,-0.151241500952369,0.0834648659258305
-0.334318063814693,-0.152058117735098,0.0857933301014902
-0.325568440427059,-0.152676727208945,0.08752634206392
-0.319185229869696,-0.155025431388523,0.0916569541815703
-0.313166950941022,-0.15767457801519,0.0953593438609438
-0.305674934144006,-0.156680006619195,0.0951347680156667
-0.297203345664229,-0.154902780411427,0.0943220742834073
-0.289472637479974,-0.156831424079155,0.0985923405362669
-0.281102819826189,-0.157827620943625,0.102939152877208
-0.27198052769412,-0.156114846474325,0.100351030456455
-0.264447432640331,-0.15719851326368,0.100404134971826
-0.257205554097908,-0.162250875075313,0.104279834499092
-0.247484207047395,-0.163787817529906,0.105527282839479
-0.238248048227774,-0.166797146559502,0.106500359785758
-0.229043508132194,-0.174105698654619,0.108972972354886
-0.216796814445363,-0.176805608058111,0.106668220295582
-0.203389183165375,-0.176698602863248,0.103023315291331
-0.1904882189909,-0.177605212566156,0.100834849865622
-0.176947599228979,-0.179415600675046,0.099777429355122
-0.160735354905588,-0.178337412257599,0.0953248534256314
-0.145777246976391,-0.175522814869248,0.0911185758858996
-0.133000794535118,-0.173055967889189,0.0893640916856283
-0.118899487244045,-0.169460046359399,0.0864296426900332
-0.103494728785575,-0.164458511834244,0.0826641385042006
-0.0901202189785403,-0.164015410450802,0.0808123169125881
-0.0754078900341541,-0.166851813311096,0.0802802762627213
-0.0585810179425967,-0.16777034678092,0.0750681245942803
-0.0417784844424285,-0.16901704703395,0.0688174544646091
-0.0255924512384648,-0.170938761156778,0.0635607927560276
-0.00952833654247616,-0.171169774800615,0.0572934965387383
0.00636397852568112,-0.169706233399463,0.0510624314634724
0.0230884816039549,-0.169395004938128,0.0460775344810436
0.0399550972330344,-0.169856390151887,0.0423427245836988
0.0548124055609443,-0.17243306924599,0.0401787218878247
0.0689118475773176,-0.177454901583209,0.0373399348641073
0.0837172215568173,-0.178420978301761,0.0314334310874948
0.0980785437061065,-0.176704069988081,0.02485278106334
0.112619461698592,-0.175828131517198,0.0191928029802915
0.127818383640649,-0.173357494629673,0.0138526795462385
0.143110008290778,-0.167749009840386,0.00841786961909955
0.158384355728101,-0.164366155263872,0.00407655345578573
0.174284775942733,-0.164723559935083,0.000124151911502825
0.189113843794714,-0.165742122577638,-0.00426971315137409
0.202320152404414,-0.167324085476723,-0.0094482295976208
0.214849127495068,-0.168536611147549,-0.0148230416915627
0.226397081411775,-0.168993804434696,-0.0204099921288729
0.236631531516411,-0.168029882783057,-0.02763773211373
0.247102038388821,-0.166498119026489,-0.0350163866396237
0.259489254836908,-0.16566592965998,-0.0419579516636521
0.270848904674047,-0.164967136686831,-0.0495358083020294
0.281585678036577,-0.162952890865178,-0.057523722511971
0.295805385159575,-0.159117929800911,-0.0653547462996311
0.311326470231959,-0.154404023666258,-0.0708444817177315
0.326645528694417,-0.152731149686352,-0.0756907465685567
0.340554723639062,-0.151677430073372,-0.0783021715971013
0.353921778987553,-0.151130588928945,-0.0818201517383325
0.369024608045708,-0.150885126311701,-0.0858491099397177
0.383202561172158,-0.152665685330317,-0.0902606593245879
0.395189298734528,-0.155125776733175,-0.0957886111553852
0.408281455734002,-0.156758056340445,-0.101292176092268
0.419760057412921,-0.15914845896824,-0.105997222387672
0.431422886198674,-0.161699186072977,-0.112247295559733
0.444134689056692,-0.161630302121385,-0.117590864438965
0.455678877009735,-0.160995327086783,-0.121569426106167
0.465338293914508,-0.1602179234404,-0.125173783505447
0.474265792249478,-0.158139750161453,-0.126962387649878
0.482693830420556,-0.158081760241149,-0.127834816494689
0.489851335085337,-0.158570816702732,-0.129880949265436
0.495655206074271,-0.155235810553968,-0.131250691398045
0.500782285505181,-0.152240285421817,-0.130738070660001
0.506052491354056,-0.151684742693535,-0.130133454074503
0.51104874064009,-0.151264468388859,-0.130555762751019
0.515325773389056,-0.149856702798062,-0.129499936588635
0.518062372381434,-0.149527931085628,-0.127506247698497
0.52020925986616,-0.147942469757773,-0.125338438188921
0.522233193726012,-0.143881784971055,-0.123517628722307
0.523857788781086,-0.14157152890494,-0.12034691410718
0.523648922235338,-0.142941596794525,-0.117920062512654
0.523023113731581,-0.144275512172189,-0.116356744343371
0.522235506531524,-0.140575893116499,-0.113653110508959
0.520219767809139,-0.137704014978047,-0.110886457802341
0.517199072981652,-0.139074335838401,-0.108568994363093
0.513293002855575,-0.140328787447389,-0.107610770945919
0.509467952313139,-0.137088171378886,-0.107824680977289
0.50667513030934,-0.134733940032415,-0.10694718314899
0.501959249073006,-0.136191223657849,-0.105893754665304
0.496669613862172,-0.139523658356899,-0.105495633411613
0.492448873908746,-0.139033821757887,-0.10612204343596
0.487268689362773,-0.138749057052232,-0.105062656454284
0.480709433048178,-0.142182941052001,-0.105335333348512
0.476734208473432,-0.145095251699429,-0.106595584990678
0.471264634355872,-0.148436038385572,-0.104438798443358
0.463431226795587,-0.153780794907693,-0.102748793514497
0.457463380802909,-0.157191983991157,-0.1028272411651
0.450902058661969,-0.158464742218741,-0.10326363774805
0.443678446414695,-0.156437581957141,-0.104404750033196
0.436814181845067,-0.151477432719459,-0.104346522834269
0.429452399108864,-0.151372284288726,-0.10328520552285
0.422003119385772,-0.155005543478164,-0.102813356687528
0.415217047601244,-0.157774097624998,-0.104215166712723
0.409060711401108,-0.161651722347057,-0.106410796878562
0.402798282142126,-0.165034024087809,-0.107906294330869
0.395892838653354,-0.166064724741023,-0.109653064378808
0.389333849740277,-0.169392944198546,-0.112868610779918
0.383403389105936,-0.174988127427347,-0.113306490566121
0.375652379973478,-0.180108260523192,-0.112442871046248
0.36654756414184,-0.183866705528229,-0.111869157695328
0.357845760584896,-0.185455427372746,-0.110644236488673
0.349065102685871,-0.187357416841652,-0.108039024293666
0.34038338954334,-0.189638033194531,-0.106184944474643
0.332682716654676,-0.192234062414854,-0.103599934909277
0.324196920296385,-0.197199938465035,-0.100694932823203
0.316131757726107,-0.199579188259565,-0.0982319597847855
0.307893287158427,-0.19828366637095,-0.0957894842716911
0.299162522848531,-0.199262096160674,-0.0937959530677836
0.290562977443801,-0.203236591984634,-0.0891457223118733
0.282112337821924,-0.206070975512533,-0.0850429730996703
0.273936307766817,-0.206717119848313,-0.0818395951442869
0.265968274997267,-0.205845705608613,-0.0786623713658208
0.257327867322357,-0.20744112774314,-0.0752986374126444
0.249014934353387,-0.210038170746239,-0.0715850910036716
0.240836806833473,-0.210147849777224,-0.0667559369683798
0.232114383283891,-0.206992381555625,-0.0612878086445218
0.223095340471185,-0.203535190018015,-0.0570937808161954
0.2143159202035,-0.201335722832819,-0.0541111288208318
0.205336037730705,-0.199006176602919,-0.0529097878123622
0.195944795324223,-0.197271427336303,-0.0531944714120877
0.187224341240609,-0.195141795777897,-0.0538293181827948
0.177675354825115,-0.194010439059978,-0.0548513700266913
0.167660394569089,-0.194097935924038,-0.0573923322849588
0.156994713379828,-0.194167178395101,-0.0574566238288939
0.145687895228111,-0.190618758913072,-0.0571098719561872
0.134592189411189,-0.187143326050576,-0.0564141324137553
0.123025042258495,-0.184262999367431,-0.0532781288232222
0.111237842597151,-0.183780297730959,-0.0479104604713364
0.0997626586534695,-0.185616801198756,-0.0402934297313652
0.0869256413096887,-0.186512374712871,-0.0336131214670156
0.0738754901673898,-0.187215435253239,-0.0285793881640778
0.0610645924912552,-0.188656592000764,-0.0249385301310019
0.0470328932981882,-0.189086947684912,-0.0205303397701181
0.0325378292829884,-0.190498430688853,-0.015950729972465
0.0178410481013587,-0.191900103916993,-0.0110700485019213
0.00212044156708449,-0.1947293302467,-0.00511972482403812
-0.0126277935122962,-0.200283654144684,0.00169768777954691
-0.0270596064357828,-0.205164140955791,0.00716363550643921
-0.0420926610956862,-0.210201550439829,0.0123533219147949
-0.0571618734699801,-0.215363180939855,0.0180648043883353
-0.0713010082103014,-0.218924843908673,0.0242773874996758
-0.0856169947175845,-0.221392391900522,0.0303341427190029
-0.100448896253447,-0.223137593880327,0.0353470972219397
-0.114505625375272,-0.222110479375055,0.0380697764691997
-0.129594837917141,-0.219267840860351,0.0393980745648697
-0.145468148831458,-0.217483512088476,0.0406707194357128
-0.159569607854826,-0.21506551520947,0.0409073422943394
-0.173311169599614,-0.212133580567682,0.0426486258156593
-0.18735737198595,-0.210430412526938,0.04585766284057
-0.201599049325151,-0.209867502040455,0.0492212966244133
-0.21430676673544,-0.20953423301458,0.0519087566401547
-0.227687593773618,-0.209759010866708,0.0552857243775594
-0.240993908110061,-0.208911403331411,0.0568027346024806
-0.253935738117281,-0.207534724251399,0.0572936290658216
-0.265753716813751,-0.20631632282969,0.059298359593848
-0.2765269730541,-0.205891652250323,0.0639714495863542
-0.286964253879756,-0.206654709452609,0.0697461170344124
-0.296768244446954,-0.207480971625596,0.0748138976125634
-0.306932174911155,-0.210462575580507,0.0780849150323032
-0.317712952461572,-0.209792050970406,0.0808893362846407
-0.328928289096007,-0.208544031909498,0.0831342799294644
-0.340333395298319,-0.207467478285176,0.0850559051094946
-0.352124589335026,-0.208450012938111,0.0877003168175419
-0.36392399590391,-0.210301377639941,0.0899723623583324
-0.374924005236087,-0.211570670078588,0.0899056852087761
-0.384700882362705,-0.211806941777594,0.0893476782637404
-0.394905079615291,-0.2125085222223,0.0914478725144075
-0.403988917026591,-0.21359019296574,0.0939679830435171
-0.412980921237667,-0.21384706957917,0.0964819451200322
-0.42226739686013,-0.212829342470098,0.099085701585563
-0.431751451299292,-0.211422204502508,0.101820875504378
-0.441034374308923,-0.208931272388324,0.10437927196495
-0.450464467947128,-0.207250818487314,0.107425825606965
-0.458468358831793,-0.207453844931515,0.11101522948723
-0.465479634632714,-0.207891285861178,0.114815913879175
-0.473186454174997,-0.207802402027448,0.119511581483124
-0.480815685980461,-0.207343321967615,0.125361858645118
-0.487868758923428,-0.206681298679168,0.129385095528277
-0.495441504366452,-0.20666125478551,0.130897723104193
-0.503996719213211,-0.206757595382184,0.13228410045526
-0.51255404494674,-0.205697131978811,0.131899986516361
-0.520842067728421,-0.202689212671781,0.130906735791824
-0.528538926781583,-0.199555127724863,0.131514332271133
-0.535629819148694,-0.19615320528538,0.132919309179227
-0.542548324798054,-0.191470155582944,0.135185463236611
-0.548848743930691,-0.187991050184234,0.138101454258625
-0.553849958525639,-0.185204328972696,0.141849130866511
-0.557831185024885,-0.184398785095813,0.146538191279846
-0.561348713120025,-0.18441501596608,0.150790722304834
-0.565383632748307,-0.184751592534622,0.154071474640265
-0.568656558529548,-0.183854259170614,0.157121119080753
-0.571810933682652,-0.182946082853747,0.159753472738497
-0.576437510630601,-0.182290785563074,0.161115608106516
-0.580741743742608,-0.181502169300768,0.161211184901781
-0.584511806968178,-0.180371265818215,0.162359063922941
-0.588383147355769,-0.1789421164108,0.164797096565913
-0.592512693321689,-0.178101622924286,0.168263256492276
-0.597113568821902,-0.176940685720155,0.172147294468681
-0.601983545970032,-0.176055738411392,0.17593643173365
-0.607427143103779,-0.175234045932868,0.178672681361109
-0.612119503160102,-0.17436127849173,0.181482901763818
-0.616126949593855,-0.174079041269887,0.186037916936796
-0.619726326846926,-0.174217450149916,0.18982483820138
-0.622999641789864,-0.172710142581012,0.191712370727055
-0.625069219231011,-0.171129070131976,0.194686081550394
-0.62645502333483,-0.169996585942461,0.198397081793806
-0.627387532240526,-0.168051574030772,0.201044892897039
-0.626776549239331,-0.164634892149157,0.201725940906099
-0.626546820023438,-0.163764642858253,0.202819763749943
-0.627033617587136,-0.16441443701312,0.204150263417886
-0.627736209489386,-0.16629771988236,0.206423059864476
-0.627379839315153,-0.169882343999221,0.208915745665012
-0.625407401798467,-0.172223984040813,0.207419840567972
-0.62292943900688,-0.173374229116116,0.206763602623282
-0.620059354196739,-0.176467937855975,0.208070101361261
-0.61681470222663,-0.180205760801983,0.209114724474607
-0.614245246926738,-0.18433773015701,0.210036681527627
-0.611570746455628,-0.18810077794808,0.211812698620448
-0.608860405479107,-0.192355472713145,0.213621662397385
-0.607546057593714,-0.196654681715475,0.215221721133364
-0.606758631575156,-0.200321230821141,0.216467437609107
-0.606087925472915,-0.201891567310642,0.215548358774904
-0.606006508330057,-0.201648767144513,0.212957826819086
-0.605264426303216,-0.200250091723068,0.210513284128162
-0.603267184016446,-0.198845861039864,0.208140732450459
-0.601272288161407,-0.196900505636179,0.206149736521791
-0.599662340842048,-0.195215739785586,0.206886095214794
-0.597332765772355,-0.195244832883943,0.20818875937997
-0.594494960519438,-0.196035048390469,0.210413787817331
-0.591058187000098,-0.196562108991201,0.212470812675572
-0.587246760310957,-0.196734693988741,0.215042170634971
-0.583984554401381,-0.198106524453408,0.218217683005287
-0.581298065888456,-0.200288082289711,0.220826856969501
-0.576654868112295,-0.202151554577404,0.223592754129627
-0.570501656731934,-0.202466459626137,0.224638507824825
-0.564220323954356,-0.202559719161687,0.225869687324813
-0.556856003845641,-0.20560690988141,0.228723653622128
-0.549118363220149,-0.210452623683482,0.231798874705723
-0.541191366788508,-0.216441326561988,0.233702922001033
-0.531294118960027,-0.222332860554887,0.234152713812564
-0.519309106426693,-0.227973260139393,0.236311735782825
-0.507656883537286,-0.234899349076706,0.241123067505614
-0.496636772609691,-0.244723958268486,0.245433806171799
-0.486744992586682,-0.253941714340949,0.24434787987572
-0.47814069421604,-0.259493321577293,0.240631914332197
-0.468081064518522,-0.263364563946913,0.239042023427731
-0.459268337126177,-0.267874396531501,0.241950090125901
-0.450062646648529,-0.271628243785699,0.242581792178555
-0.440511545810582,-0.276342154737579,0.241142072868286
-0.431723608820352,-0.281458845126467,0.242707343027445
-0.423851274087953,-0.284957108645062,0.246509465902015
-0.415194359130974,-0.287685051018539,0.246115057021704
-0.405742564348512,-0.293343471033768,0.247690704846941
-0.394433352977324,-0.300551016997479,0.250903333740662
-0.381977178100334,-0.305369472221408,0.24904658020421
-0.369825806832961,-0.307690858554959,0.243088335823289
-0.358227775832645,-0.307941262725835,0.236458202595283
-0.345285305071157,-0.307724330099209,0.232890445805698
-0.329389058250303,-0.307896628054617,0.231259729269214
-0.312143461078696,-0.307814043886853,0.228913613662579
-0.297311363710092,-0.310225428861841,0.229451795143817
-0.282181955824669,-0.317949464132512,0.233625168185414
-0.261183318328378,-0.324647993685345,0.230472900516562
-0.241839976054723,-0.32808528592403,0.223838318012525
-0.223853509910185,-0.332075183291324,0.217968427033937
-0.203407527870298,-0.332681551887776,0.209612194367631
-0.184500977102224,-0.328310973058945,0.200358137214829
-0.168045976200604,-0.324746690287055,0.194699047890266
-0.150337089489876,-0.324907395826693,0.188796475907437
-0.129793106190234,-0.32226608869105,0.17812639956175
-0.109107520066284,-0.316303525526678,0.165140112626092
-0.0877053770859942,-0.312287823280207,0.15429975938738
-0.0667799236499872,-0.312184329683509,0.146894803888728
-0.046380367047863,-0.313499082047021,0.137413409285783
-0.0279164977973584,-0.314232063714083,0.125966434460753
-0.00873723014918203,-0.313231407723474,0.112211162709116
0.0116088945543562,-0.312690663883871,0.10026963486463
0.0330952895300501,-0.312095394013411,0.0888245609193098
0.0536273485451191,-0.309993706775732,0.0769090187781155
0.0750996292714236,-0.30758666428819,0.0650216883028839
0.0971429945754664,-0.305409592265916,0.0531427821273592
0.117673718885521,-0.299383975755752,0.0420173035970892
0.13640512678962,-0.290442171843816,0.0346811491954565
0.155665134001954,-0.285196697186018,0.0291273309832509
0.173247165352553,-0.28741678083877,0.0250209988266835
0.189238875554937,-0.291128975184626,0.0197016186989273
0.20612103607748,-0.293226029788553,0.0108004874599188
0.223258611631061,-0.296294124419546,0.00177543332327326
0.241808630474587,-0.29773978771797,-0.00683156523624494
0.259956496208895,-0.297504968040827,-0.0137681490602751
0.280016913511819,-0.298838488927412,-0.0215377927270771
0.303907757788983,-0.298055180998077,-0.0307021310578428
0.326369342539589,-0.296001908043424,-0.0390246654533137
0.34571515525625,-0.294603884532625,-0.0471778469201674
0.362846253578404,-0.292960602215784,-0.0575679192856227
0.378107839867074,-0.288882644735874,-0.0669769163355964
0.39334660514763,-0.284862266689246,-0.0757493618773949
0.407086672505081,-0.282329696422365,-0.0834995367783684
0.420829047510703,-0.279415894002014,-0.0916734167074766
0.43470188914061,-0.275570794363474,-0.0996537564200389
0.448595264660774,-0.272243878881682,-0.106076530582881
0.460360154916998,-0.269799412137653,-0.111742405990256
0.471047414322036,-0.264666238232988,-0.11866742905416
0.480704544231015,-0.2554545716237,-0.125534157679439
0.488508052810829,-0.247449000208747,-0.130911001840189
0.494746119968047,-0.244415538385063,-0.13593399468868
0.497685619144197,-0.241793520292808,-0.139648244220394
0.500161444991468,-0.235918946081701,-0.143227912335605
0.504823917766675,-0.230573818869199,-0.147205943729029
0.509399732074764,-0.227895862526166,-0.150530937398684
0.515260315541494,-0.223574490381888,-0.153531443272203
0.521753262942042,-0.216958496158271,-0.156205896811958
0.52958742479928,-0.208995984061964,-0.157834056082388
0.536009970049755,-0.200555906161258,-0.157291835944885
0.53844677389855,-0.194265367114048,-0.15557194899268
0.541478999277949,-0.190133523817267,-0.155675984868273
0.546074182436273,-0.186693865283108,-0.156408615627188
0.549591850962314,-0.183097576184492,-0.156940301843635
0.553708439300487,-0.182885158795958,-0.158444109258382
0.558968150074086,-0.184836398978994,-0.161250317079571
0.564413909335284,-0.185865686904321,-0.164007305854299
0.569527353828751,-0.186901941031524,-0.166975556237693
0.572890969117639,-0.186883311888134,-0.170212627040412
0.576238795788023,-0.184999989761666,-0.173378529534597
0.578872963900028,-0.180686685893034,-0.174463890204372
0.581885228202507,-0.175797424843635,-0.174328754739521
0.584696990198791,-0.171373524885535,-0.173463566841695
0.587239812027906,-0.165975275246282,-0.173249372999238
0.590652137924427,-0.160933084404803,-0.176496959366455
0.59305066274088,-0.16155717410246,-0.181118831446012
0.596505767098473,-0.165538995018401,-0.185195478748159
0.600747104554276,-0.166993280051209,-0.18871502843192
0.603658795177934,-0.167446856898607,-0.192000432256498
0.606255102802314,-0.167000808953761,-0.193756042677444
0.608304249592851,-0.165515129982733,-0.194515701637144
0.609443819613047,-0.163315249363881,-0.193180305057088
0.610511334175828,-0.162279333441326,-0.191508936385609
0.612867314654328,-0.158909956480408,-0.189486819743605
0.614279622902437,-0.154590828584468,-0.188059126171028
0.614046129341045,-0.148809625754931,-0.187285980099291
0.614251546206739,-0.144516834526738,-0.185538207262368
0.615622358488327,-0.142012076364712,-0.185265870060764
0.615901853816908,-0.138307260419341,-0.182940778101588
0.613333739759333,-0.135581052279275,-0.181067030996139
0.611520803144971,-0.135311339102355,-0.181357926526509
0.611286337595528,-0.134898210942217,-0.183182857677386
0.609755684281414,-0.134077651359252,-0.182832414005413
0.605717596656715,-0.133496248889457,-0.182466040284871
0.59991545021096,-0.135509672229566,-0.184384361731003
0.595866831897748,-0.137750226934338,-0.186438816946839
0.593250606045943,-0.133446404208364,-0.185098426644736
0.58888877454953,-0.129443222974204,-0.183350773320514
0.581147332876324,-0.129721732502165,-0.182049228245033
0.573388185954794,-0.127629027165733,-0.179827543977799
0.566337262408003,-0.127848201547564,-0.175571562359231
0.559268605626383,-0.131257691427515,-0.17129587289788
0.55144130987503,-0.134316083542063,-0.167679710510355
0.543162417792864,-0.139150246914387,-0.163961263043602
0.536762428736098,-0.149118928813314,-0.161112941633356
0.530477899278783,-0.159850040880217,-0.159540873871774
0.522915098206033,-0.1695001058621,-0.159962578536104
0.514903944062959,-0.176655237754951,-0.163077801053375
0.507316949847819,-0.18269602312112,-0.165017805009805
0.499224833636129,-0.187771161561501,-0.165346210609809
0.49073461644201,-0.191278357995074,-0.164648930819096
0.482967357709958,-0.192895764378866,-0.162999625756309
0.476423631126933,-0.196461540690214,-0.161451090465404
0.468513568461352,-0.19952806866359,-0.162283895024322
0.460019099622381,-0.199455979310707,-0.163779727323133
0.450987988689106,-0.204570120824899,-0.162588289819437
0.443003399526,-0.211003014684538,-0.161688762524605
0.43619788768171,-0.211485372693625,-0.161790894500765
0.428518441592348,-0.21251091231489,-0.159445335525306
0.420911289078268,-0.21514917961042,-0.15567760188245
0.412551542925462,-0.214322460254852,-0.151421917751548
0.404235246459503,-0.210142214357231,-0.14613528371796
0.395683333539603,-0.204965015292893,-0.140479841771729
0.386081911664721,-0.201990340047514,-0.13425011516267
0.377125260239147,-0.204123357148455,-0.127659934954377
0.367919049384809,-0.20523374317825,-0.121874767120938
0.356825220084039,-0.204281074951414,-0.115375014581485
0.345217560446014,-0.206697970634805,-0.108973436211864
0.334121506373388,-0.209427237970445,-0.103543211018272
0.321780393824848,-0.20757250191066,-0.096815275233767
0.306584121556854,-0.20410228209424,-0.0892107388723
0.293782515121355,-0.202772549645228,-0.0828762768943556
0.28215270321406,-0.203246571245523,-0.0775046314131919
0.268694174538841,-0.206238004358825,-0.0712972174634748
0.253354134220274,-0.208398747650851,-0.06423088972436
0.238844102082304,-0.209708002289973,-0.058797883806424
0.223638759690141,-0.209203323763958,-0.0550230415471998
0.206878599917776,-0.209381239613418,-0.0492835854502702
0.189702731818652,-0.21053538988138,-0.04207857210897
0.17322741104955,-0.210615211959251,-0.0355821253191637
0.157309991845943,-0.210440470540811,-0.029996904062464
0.13936593469068,-0.211364902375805,-0.0239545975394118
0.12132526354323,-0.210689999900284,-0.0179374551465264
0.104872576973504,-0.210543278468132,-0.0112384532619178
0.0895023596007567,-0.211932310867386,-0.0034252488593513
0.0739716001885704,-0.214345543320761,0.00488283936674361
0.0578329931439895,-0.217574970804931,0.0119622335073592
0.0424175098849179,-0.219931149506884,0.0172063003400636
0.0266599401436207,-0.221606045087094,0.0212053319950913
0.0102452674622574,-0.224971250150657,0.0261841611453087
-0.00469344905324576,-0.229719003290513,0.0321072087535838
-0.0186061225472823,-0.233911606607583,0.0376707256362881
-0.0329969639700335,-0.236371576214749,0.0425427907399852
-0.0479977234133237,-0.237880658798586,0.0468885379590995
-0.0634210970146804,-0.239611916322314,0.0517205986237733
-0.0787797152913742,-0.24089887169927,0.0564100846520149
-0.0927628588624747,-0.242049263684601,0.0592419725145621
-0.103524025160314,-0.244449114638659,0.0618246535836512
-0.112483343435522,-0.247436334156215,0.0657448753952238
-0.122308169527509,-0.249099161212117,0.0685045950283525
-0.132542200226284,-0.248864156418397,0.0696551998037238
-0.143301497403939,-0.248879205102628,0.0718563137980629
-0.154459067476619,-0.250024042967473,0.073984488994
-0.164898941382434,-0.250694786192537,0.0738674709885728
-0.174692358130863,-0.250121431430519,0.0734169810077825
-0.184241848285098,-0.250367270376893,0.0739533853026158
-0.193030256274024,-0.249913565726332,0.0731434004093647
-0.200445434792888,-0.249141721431557,0.0726251479451311
-0.20822193206353,-0.250875659767435,0.0750435148952505
-0.217069346908178,-0.250589576430784,0.0781613190570321
-0.22575544687252,-0.249748333457225,0.0811618593933605
-0.235837383490962,-0.249745276359114,0.0843279837937753
-0.245685535320821,-0.2504622568955,0.0860237164835056
-0.255216366697107,-0.250376987593428,0.0874786375957422
-0.264791268617678,-0.250501441933899,0.0901611500619006
-0.274757621315465,-0.250322498949232,0.0926583050152353
-0.284501809096937,-0.249402958078297,0.0949367807501344
-0.294568157176455,-0.247784287097171,0.0981353339583236
-0.304199021201247,-0.245188951842034,0.100558708688318
-0.313101918911507,-0.242218182666289,0.103802375290186
-0.32138312195306,-0.240095962112692,0.107703747191956
-0.3292958971843,-0.238465025934429,0.110867375316809
-0.336354488432089,-0.237574557585744,0.113890917740572
-0.341907577652359,-0.237349686348204,0.116571499265915
-0.347613837770365,-0.237657451966004,0.119148025743327
-0.353521734690815,-0.23813859565862,0.121945736301587
-0.359282072750144,-0.238391219000472,0.12523602001134
-0.365960923441669,-0.238201843065632,0.12772226941829
-0.372837035621469,-0.237478356392654,0.130167337595171
-0.378940207886228,-0.237411007273695,0.133006177197163
-0.385388151930302,-0.237425760492969,0.135582936607052
-0.392011231622429,-0.237134979738823,0.137842170383251
-0.399150276571197,-0.237203652249326,0.141113533895238
-0.405868020541281,-0.237569543237476,0.144663687993243
-0.412388136565261,-0.237901955866282,0.147800903703745
-0.418690089241453,-0.238034375761078,0.150100669822139
-0.424624036599797,-0.23702063659045,0.151261582438365
-0.429765441337223,-0.235756021640293,0.152388198181285
-0.435599456309869,-0.23487832005921,0.154581866022713
-0.442475246090626,-0.234608048129395,0.157783384021437
-0.450070734837509,-0.234502729858624,0.160055605839274
-0.457714850350038,-0.233857977656691,0.161069567195189
-0.464563486875544,-0.233587193215252,0.162328105167627
-0.471241141649233,-0.23338722867139,0.164827115713707
-0.478383418037867,-0.233230477113043,0.167825395631157
-0.484889586357649,-0.232461651861501,0.170169627410681
-0.489573556591035,-0.232420768550586,0.172230636665253
-0.4927689030881,-0.232402135243172,0.174756928529031
-0.495781907447272,-0.233145128656862,0.179182781454585
-0.500325005778572,-0.236014875903134,0.184116772598697
-0.504816149294371,-0.238379479990555,0.187367999400197
-0.508207809873311,-0.239226038342198,0.188864919870086
-0.51063704841562,-0.239095143869252,0.189510584828872
-0.513146998197224,-0.237045992689727,0.189561962409339
-0.514412417748292,-0.231115447528553,0.191373655225796
-0.515733126876849,-0.228312472872134,0.193002064577595
-0.517069752231337,-0.226407631689899,0.193113623566218
-0.518078104544873,-0.224289541633922,0.192618044398642
-0.518247759320844,-0.221387235398553,0.192249446659543
-0.518467605311446,-0.221674137395818,0.191548125280525
-0.518712536581252,-0.222386173127445,0.191559351778145
-0.51941083120845,-0.22386425464675,0.19158567161485
-0.51933477341591,-0.225142765885054,0.191278379473923
-0.518902639451314,-0.225811563871961,0.191142189554954
-0.51781046966447,-0.226281287148115,0.190302325647649
-0.516936757540759,-0.226267581891795,0.188682738947438
-0.51582181210922,-0.226185595668802,0.18592678833876
-0.513751019867504,-0.22598267784173,0.182350829878796
-0.510483520790124,-0.22457816560312,0.181686566619861
-0.506071444308331,-0.223833781140699,0.182366703757906
-0.501637797779109,-0.223434695032185,0.184447563487691
-0.49687979633043,-0.223761707080847,0.185774403629169
-0.491961211189429,-0.224937850190332,0.186181945509407
-0.487228582138786,-0.225654052238511,0.185854831680722
-0.483232303431421,-0.226176416878878,0.183880068200611
-0.478504306578779,-0.226426046587181,0.179642610084106
-0.473849362348641,-0.226940668133013,0.177465764882333
-0.469418002533739,-0.227198664621845,0.175857501580165
-0.464115137267044,-0.228960854360233,0.173674333216382
-0.457532066784535,-0.230065808959372,0.171817518127667
-0.450242443075883,-0.230951786873761,0.17243308495399
-0.443509697061541,-0.233158572083653,0.175302365965497
-0.437206305182022,-0.236811139959029,0.17838909364294
-0.430390082106081,-0.240569321484695,0.179689604053701
-0.424007774347932,-0.245538832767001,0.181627185539165
-0.418474088033991,-0.251463110052282,0.184249453752758
-0.411312320899809,-0.255754616543753,0.183885358739204
-0.404790598263073,-0.257857176417756,0.184511321380611
-0.398410220822306,-0.259576484836375,0.186766897057534
-0.390077066061922,-0.260684778501559,0.18689475130258
-0.383446871976069,-0.26156205955794,0.186543505154272
-0.377382130809066,-0.262747865944207,0.18624342932423
-0.370853133936425,-0.264551588579224,0.183927414990485
-0.364776919371067,-0.266202331253149,0.181390480685946
-0.359186692682243,-0.267428422509844,0.179223810529388
-0.353892294170483,-0.268551672043382,0.177503702262789
-0.347608713213208,-0.269033017305553,0.175249068436168
-0.339752777242528,-0.26793084918304,0.17213880382335
-0.330624774846724,-0.268508685652146,0.173149052248379
-0.320417737536638,-0.27419587576945,0.178723726513671
-0.309306588333933,-0.281803054496841,0.181681659292435
-0.297692336131524,-0.286702124274129,0.180281766622433
-0.285761103059526,-0.290609313059752,0.178625155466031
-0.273018197206454,-0.295958228013945,0.179918921681993
-0.26046555771007,-0.301966373099913,0.181289973042397
-0.247260413257612,-0.303691771070279,0.177815404552462
-0.234517409783181,-0.303786540073701,0.17273892647392
-0.221720713709831,-0.303284260885145,0.169743249766185
-0.2076118225331,-0.301973845207014,0.165241173139043
-0.195320725764225,-0.299818984599297,0.160093716422173
-0.184763606977801,-0.297087632521174,0.154710281054202
-0.173917315388885,-0.294195281245134,0.14915529904177
-0.161822850286438,-0.291883439943091,0.145532121965824
-0.148128004914372,-0.292331332016224,0.144138078571013
-0.134137517894971,-0.295051516739613,0.142603045793519
-0.120678303153867,-0.298142724972001,0.141000615851192
-0.107441141705564,-0.30235221995812,0.140313016801631
-0.0918915479106323,-0.3068179034078,0.139338007725043
-0.0748233252535542,-0.311351455933243,0.139166628536292
-0.0585386583277702,-0.316743407967488,0.138654621960877
-0.0406170456799633,-0.318479436710664,0.13303000408286
-0.02178584650594,-0.316004732671612,0.126632437186236
-0.00505997588111084,-0.313555107263055,0.122809947086476
0.0103719008389808,-0.312237138410134,0.11924745635797
0.0247512425706867,-0.310626788411017,0.113252907766042
0.0386883726142903,-0.306831535668244,0.103752888358321
0.0525255656159556,-0.301698582841548,0.0956655744215624
0.0662682174012448,-0.300206863267495,0.0916752602670446
0.0816836443950614,-0.30201090154879,0.0873170990832607
0.0968920852621746,-0.303597135070403,0.08208700938255
0.110849552348268,-0.308934954042808,0.0793917737790183
0.125905182161463,-0.31659700266618,0.0762834830365958
0.142418079583571,-0.319480634740298,0.0692401179872762
0.157277109433067,-0.318638895029327,0.0613205619147917
0.169632821735961,-0.318816652591338,0.056079132073843
0.183308032972414,-0.319036046013903,0.0513308404499836
0.198445414310135,-0.318893409487259,0.0466481349220572
0.211449446194684,-0.320597671032252,0.0443443898449568
0.224759674407558,-0.321314193525943,0.0379613155611907
0.239525795994123,-0.320019276631521,0.0289208231718304
0.255431534384758,-0.320037421899374,0.0205812061590146
0.27179137417865,-0.319258404015823,0.0117838534128824
0.286641527547877,-0.317402249085079,0.00315033910411727
0.300433344744539,-0.316509371971382,-0.0063319436276983
0.312913709040361,-0.31476257257798,-0.017011977821931
0.323892737811206,-0.310709555977823,-0.028877180737504
0.335490421843161,-0.305285858836067,-0.0418784620785813
0.345899354357947,-0.301291855951069,-0.0526837476109045
0.35505581482359,-0.29713780163205,-0.0620009405133419
0.364675207259116,-0.289430622049355,-0.069321326728936
0.369923371947154,-0.278629901732044,-0.0708202880550208
0.373030464052102,-0.27260978796988,-0.0687773426265721
0.379691118168854,-0.271474511032489,-0.0640040375333772
0.385365251454076,-0.273669766071989,-0.058237196953172
0.388181429096639,-0.279812105177431,-0.0531962189880334
0.389889482901985,-0.285262298250333,-0.0495744960867716
0.391642914573928,-0.292990759689071,-0.0478677009304247
0.392948544847402,-0.303482248974033,-0.047216660270757
0.394389508159544,-0.307705142294771,-0.0486972357741342
0.397648559945985,-0.304533830631625,-0.0513798870994836
0.403276089640885,-0.302509935676333,-0.0510813694922036
0.409784671688946,-0.299514161587741,-0.0493824327665951
0.414099890073349,-0.290042185520644,-0.0470760942935873
0.41690743608735,-0.280006881361019,-0.0449673539079707
0.423561437883988,-0.274229341283539,-0.0462642632912747
0.431602489392991,-0.268702594764674,-0.0501796080061308
0.438960759295024,-0.261307599488163,-0.0550911932237681
0.445741589770557,-0.254441633153252,-0.0598228810724015
0.453514622932631,-0.248721545335877,-0.0647386996942146
0.460542643837813,-0.242668500701341,-0.0684085670198814
0.466504486992998,-0.235650281882959,-0.0710508632837865
0.471947034951755,-0.230089880115374,-0.0752960323264002
0.478010948906905,-0.227997007420884,-0.0816327307122409
0.485494237952214,-0.224261888690794,-0.0882582655868697
0.492490581075645,-0.219999856904057,-0.0930466126131466
0.498911292933594,-0.218449916378119,-0.0967480338744669
0.506018627559313,-0.216950620455527,-0.10134139593976
0.513260552336486,-0.213302194469874,-0.104827975583236
0.521036324149292,-0.210234938587487,-0.107872830074407
0.529173549266376,-0.208199193800717,-0.109926212681061
0.534375781005814,-0.206397348609454,-0.111650661531085
0.538865800589299,-0.205198612117222,-0.114612304013503
0.544477101176038,-0.204746584951967,-0.117589818780866
0.550166264573516,-0.20493978242309,-0.120573609597549
0.555731080654996,-0.205394083885646,-0.124475124635017
0.558956985452595,-0.204393912068674,-0.128682859762338
0.561843852005331,-0.203345529098923,-0.132533268774685
0.566104314857058,-0.203546941149979,-0.136763530624067
0.570417413471441,-0.204227555115814,-0.140264277615689
0.572944778824758,-0.203023478399077,-0.144203027464921
0.574640922460828,-0.200514304286453,-0.147708267613173
0.574731742955851,-0.19827182388921,-0.147739760249309
0.57459949664443,-0.198840225245423,-0.146588950509298
0.572907955812312,-0.200148426445462,-0.146018227318257
0.569629286603364,-0.199971285527788,-0.146804373525219
0.56717855572199,-0.201152038361804,-0.147298822472378
0.563814472836542,-0.203805586231877,-0.148354636041952
0.559955661408952,-0.203360459836086,-0.149304804741532
0.555216764450406,-0.203017613119446,-0.151426424165651
0.551603233771791,-0.204568488426334,-0.153181797065102
0.549712697559811,-0.203779527010344,-0.152734960955776
0.545988854266714,-0.204428807825685,-0.151681110518113
0.538603839743031,-0.21046019029011,-0.152306698128674
0.531259377365879,-0.218113085756325,-0.15133855302634
0.527119107164266,-0.223133474428539,-0.149610802617833
0.522749619219924,-0.227862238744674,-0.148394323478975
0.517095105047415,-0.233173556676142,-0.150505852157952
0.51222020320931,-0.235576406881559,-0.152278342196878
0.507414591656083,-0.236410257442406,-0.151218675048667
0.503608293126673,-0.239832959473395,-0.148830002678632
0.499557762012596,-0.241735996778223,-0.147532244017578
0.496326655191591,-0.243687043311479,-0.148191792374056
0.493656812433911,-0.24994068233481,-0.150864903770629
0.488994628910832,-0.256569848577911,-0.154130026377729
0.483130882024867,-0.260436821372924,-0.152791585717832
0.476172622406089,-0.263155788118467,-0.147444967711943
0.46642324370606,-0.264647421944751,-0.141270813496019
0.457823200353453,-0.264287632952123,-0.139007137188074
0.450483369564897,-0.264898949932283,-0.141063021945526
0.443682400924068,-0.26527874880597,-0.14173309437294
0.435391323871935,-0.265925652559211,-0.141540992843724
0.428363345912569,-0.26886191494463,-0.144473229893536
0.421693667934314,-0.272204498655239,-0.148790666985782
0.414114707410407,-0.273936706114557,-0.152536050770393
0.404068956458728,-0.274844528480254,-0.155390283122291
0.394512623510135,-0.275341823542206,-0.156611772514881
0.385763511630841,-0.27650963417361,-0.157083133693627
0.375523238517998,-0.277006611372416,-0.15401225269501
0.36475527683737,-0.277837220136073,-0.148879120239439
0.35488992529312,-0.279816349863942,-0.14107043057332
0.345413098399591,-0.283608525921554,-0.132343404447737
0.335732295893786,-0.287486764457501,-0.124599193342034
0.325869708953949,-0.29025751183751,-0.11853601308635
0.315377220263908,-0.289909485539225,-0.113545644851212
0.30478683763128,-0.289611783391455,-0.108124979112026
0.293038328365671,-0.288044254071904,-0.101615103559139
0.28021172981802,-0.286524426871184,-0.095084510214331
0.267696144582989,-0.28406828594697,-0.0903470306128171
0.255862163136855,-0.282750763592989,-0.0873758470087401
0.244525292491943,-0.280596527303689,-0.0835324732792324
0.232744641597027,-0.278510151310222,-0.0790937910422798
0.220585118599486,-0.275810975930769,-0.0759838480526961
0.206781973698,-0.271654578632518,-0.0723164408371218
0.19288697855038,-0.267891999359384,-0.0684496280435311
0.179904218113371,-0.267218439348145,-0.0653737179143715
0.166905965675265,-0.268568976720074,-0.0618119979679783
0.15131116306703,-0.269462294484172,-0.0563821714670796
0.134904477711016,-0.270098260768044,-0.0511609354802545
0.119166153112744,-0.271324591483106,-0.0457694544765893
0.103829431976101,-0.274314726571113,-0.0379193023126405
0.0884358710521505,-0.277856024802975,-0.0294389422901752
0.0736309568524005,-0.280210192425511,-0.0217308063590011
0.0589202241667845,-0.282667111603988,-0.0135932650119465
0.0437599481242955,-0.286414479715605,-0.00529845003942032
0.0287980785876414,-0.29048252441865,0.00253483204250774
0.0147412215140542,-0.294480110176489,0.00958912835269889
0.000385872371739302,-0.297303107655656,0.0157546720029068
-0.0139229477854735,-0.299481781684428,0.0211606821770474
-0.0267994045887603,-0.302043485451453,0.0273332481311208
-0.0378577578329363,-0.305834876069518,0.034284145351513
-0.048805309987141,-0.310092708305288,0.0410038919583997
-0.0602986358084949,-0.314751620825666,0.0473636738132418
-0.07199602525594,-0.318624616062479,0.0522320167960788
-0.0836848053556126,-0.321523368719118,0.0564905934637458
-0.095485587214637,-0.324407275610642,0.0610688124739753
-0.106956459690429,-0.326201430586726,0.065059867142185
-0.117775898574164,-0.327640885615268,0.0690509931964115
-0.128744199701557,-0.327971859298133,0.0730452027294172
-0.139536617767207,-0.328144071066906,0.0769109881790636
-0.149871330062298,-0.32851262888159,0.0798005517095562
-0.159046325537381,-0.328401109089045,0.0818521932281418
-0.168580354962556,-0.328171377185626,0.0850607058186352
-0.178367414482552,-0.329085612028415,0.0893716889756681
-0.188025537644137,-0.331533854286895,0.0940938577548922
-0.19618332032725,-0.330079546568733,0.0973127978407525
-0.204596766510751,-0.327424932794321,0.0998259849333959
-0.213498836497721,-0.324960901202961,0.100102144952319
-0.221471031635755,-0.319873978403712,0.0991594285198411
-0.226979764773399,-0.314281461006436,0.100516296616429
-0.232899857098718,-0.310989608263267,0.103380379242197
-0.239411627852466,-0.306474900580944,0.106642770849328
-0.246140593437713,-0.302109870598819,0.111189443500121
-0.254791502322391,-0.299326316840283,0.115626148434504
-0.263271712361744,-0.298065147478008,0.120172846086733
-0.271003993702909,-0.298139456070689,0.123973794646366
-0.279347284780946,-0.297384613681824,0.124998681378211
-0.287510778365712,-0.294733950104456,0.125723554992994
-0.29461120323733,-0.293975008853255,0.12936886345978
-0.300942015448716,-0.292180642275174,0.13077271466637
-0.306501608203157,-0.289190795672597,0.132795747178797
-0.310990458368844,-0.288224925798779,0.136398380588702
-0.317436679381501,-0.28724530365578,0.139335924052852
-0.32306991429998,-0.284659926777864,0.140946227302965
-0.32761087349996,-0.282638638328521,0.142130708770019
-0.332248089870268,-0.278265535125385,0.144100136925451
-0.337722561102956,-0.27484928739805,0.147509829367635
-0.344816808670973,-0.271796126552447,0.151607310875587
-0.352873374908105,-0.269417890214194,0.154419012899912
-0.360095096846317,-0.268308330641821,0.157754801037416
-0.36707732030754,-0.268380464871777,0.161080914290684
-0.375409863180372,-0.269340301420848,0.16471003763745
-0.383381203942171,-0.272516604210588,0.169311643702972
-0.390194378670641,-0.275670413248538,0.171591328647324
-0.398046570738816,-0.276662004724836,0.172317523232975
-0.406094598355006,-0.276753530075634,0.174010784205378
-0.413454761545239,-0.277713927750064,0.174409437110233
-0.42017681062767,-0.27848465367101,0.171493254829535
-0.426673878726667,-0.278824507214457,0.170789384321671
-0.432021601596132,-0.278939514834805,0.174488369933156
-0.437490926446136,-0.27820412471938,0.176333324606211
-0.443982568406114,-0.279431163288371,0.178003094463164
-0.451018538804212,-0.279071244766923,0.179290120065413
-0.458042434760104,-0.279511935590455,0.179213052073182
-0.46448347700631,-0.278310252942121,0.176959435048154
-0.470630407172289,-0.277234172312506,0.174156868294218
-0.476677645708673,-0.278686026923696,0.174771825759369
-0.482389009495072,-0.28213554335276,0.176177369011393
-0.487974833898313,-0.284103751336876,0.177967932313949
-0.492313002131162,-0.285560092212725,0.179675936714623
-0.496423221451134,-0.28913307242766,0.181007015995964
-0.500599482234482,-0.291316080189512,0.178853933735146
-0.504345480217598,-0.290503595726427,0.174955955184445
-0.507940172604679,-0.289993759331689,0.174122896025542
-0.511097356991287,-0.289281941220458,0.171151232333851
-0.513275026034118,-0.286651460874568,0.165772769897612
-0.514762434946465,-0.283256625057724,0.163340804629951
-0.51497442601933,-0.280959076998252,0.163122790457192
-0.514419699642779,-0.276698205037364,0.162807582566765
-0.513049674738698,-0.274202202890519,0.161849411048557
-0.510929178510293,-0.273019440463536,0.162556886379966
-0.506972159786164,-0.272304576052215,0.163122483838359
-0.503438919259915,-0.27139154625121,0.163325708376402
-0.500814920676509,-0.270733958809703,0.165657847333635
-0.498185821744953,-0.27065425536497,0.168531103551604
-0.49488160005353,-0.268382130821097,0.169094349343557
-0.493274234658531,-0.26746958144735,0.168990656847046
-0.492578727317207,-0.266573846582221,0.16791162114725
-0.490437283080347,-0.267405686337381,0.166085004938558
-0.485922685848363,-0.267893969497646,0.161165854155922
-0.481135352316974,-0.26828867137485,0.157876565053135
-0.476713279085969,-0.271538468256924,0.159524263397708
-0.473126931675529,-0.275763690322289,0.160056518567593
-0.469344473541431,-0.276553616385103,0.155570351554141
-0.466307477731197,-0.274467385852982,0.152614282179569
-0.463562938628951,-0.270544073657716,0.152015720932092
-0.46037493722163,-0.262932116351465,0.151255926308919
-0.457475824803186,-0.253939653405846,0.150903072451547
-0.454136806904913,-0.246745401220251,0.153621417125347
-0.450178034230133,-0.240734399687285,0.157818822340019
-0.447223636521443,-0.234497043984079,0.163938369399054
-0.446236014927123,-0.228865824610738,0.169680356436911
-0.446506440178091,-0.226785760461216,0.17387568961636
-0.445368608138243,-0.22767231356081,0.177782554575493
-0.444523007217605,-0.22950562184522,0.182947459337999
-0.443524787232423,-0.231658415467401,0.187144627157933
-0.443080717681078,-0.232553250117277,0.193071107874377
-0.442868422249147,-0.2337500562986,0.198512417246585
-0.442459964782214,-0.234375728573811,0.202942907287234
-0.443118614974266,-0.235572674100628,0.212164342970672
-0.441453107872507,-0.239475964329065,0.220327161749193
-0.438216820437251,-0.243648072552551,0.22336399026907
-0.435783468630707,-0.249859011937745,0.228486192375169
-0.433615922476014,-0.257688766482185,0.233186447181153
-0.430486878543642,-0.262397609013346,0.234032143771976
-0.42563920647407,-0.265134544649838,0.233628929749666
-0.420855498095455,-0.270417737878435,0.238323816608074
-0.414663468065704,-0.276559375519439,0.242352174332014
-0.404492039883542,-0.278882730154597,0.238714727305241
-0.392819219134917,-0.281219007718599,0.238460281418468
-0.379367288968646,-0.287701460968661,0.243810936987483
-0.365478721964039,-0.292839159566437,0.245450965311807
-0.352111722604788,-0.293122053653495,0.239751968426457
-0.340692964346468,-0.292769732884758,0.236125840706727
-0.329710113603321,-0.295244664284222,0.237076150963662
-0.316853871698629,-0.29702104897865,0.234752620509288
-0.305948048501496,-0.295895525415577,0.228724939340066
-0.29851410437921,-0.296406431034539,0.226259018403648
-0.290144314596691,-0.300321538522762,0.226491586486565
-0.279533185649262,-0.30559265977591,0.22542706428894
-0.268313005547788,-0.310868906788382,0.222106474622354
-0.257242872211985,-0.314435255962843,0.216440317661396
-0.24536718654431,-0.312017147507443,0.205262586714135
-0.234114389452419,-0.307689077110185,0.195511879126011
-0.220653046375831,-0.304057553470918,0.18630837533067
-0.20731426842967,-0.301459891803006,0.176579759574046
-0.195688339596298,-0.299785421812743,0.168098603684778
-0.187472278750729,-0.299505039219923,0.163893084512568
-0.181399236925457,-0.299907682746135,0.162435629834427
-0.173868285195747,-0.300108328879606,0.161639709841696
-0.165094806994726,-0.301083689872607,0.159051253282376
-0.159441352168191,-0.304296032033371,0.158035517795835
-0.150935447581345,-0.306255571145449,0.153882156119131
-0.141480092180875,-0.310149643294223,0.152443965068699
-0.136332927419025,-0.323369250702728,0.157424880739804
-0.126515760701002,-0.331523366150728,0.149534249983467
-0.115594549223438,-0.331460826074687,0.14022478215998
-0.108772639470711,-0.338388951845174,0.14144159198621
-0.100439190862849,-0.351562121687673,0.144633765849821
-0.0872902769004616,-0.356796495567691,0.140845315743745
-0.0787973092364685,-0.361742814570578,0.139190450452418
-0.0700604950335855,-0.371888766790634,0.138697700177331
-0.0531369313417588,-0.371777329610486,0.128948979107391
-0.0416242007578588,-0.368855616167751,0.121438544134014
-0.0324828146559493,-0.37026447117717,0.115165358046408
-0.0186766236822488,-0.366615812789188,0.104289460995327
-0.00600232742638138,-0.360272999643916,0.0950059183272153
0.00427499776780397,-0.35801821804081,0.0888599425469234
0.0187896050577702,-0.352434863522511,0.0777639253512564
0.035921253318526,-0.339999221883688,0.0634883405303561
0.0512258823706535,-0.329409969289759,0.0536712900428713
0.0676985269278804,-0.320306554703089,0.0440352822978623
0.0862301782343454,-0.309492779830351,0.0321442779808104
0.104510566717433,-0.297997915525189,0.0226471154566467
0.122937493413711,-0.286141230105609,0.0151955630817084
0.141219971021122,-0.275166750101234,0.00614684009752901
0.159093937971253,-0.266925002118964,-0.00207223602824687
0.180010789773422,-0.25860055150651,-0.00841012411504347
0.201635943975336,-0.249552464442507,-0.014618073535343
0.221803599166665,-0.239025678450801,-0.0206241472056971
0.243159956890282,-0.230349725736369,-0.0272406966593679
0.267038105189869,-0.227473768524624,-0.0326225109651971
0.289290292864001,-0.227340865578491,-0.038631181936767
0.308363556077155,-0.226608320175798,-0.0447780577760976
0.327551536025915,-0.223869202600847,-0.0505596457890717
0.346594754729723,-0.221258561334079,-0.0557357472950036
0.364114656412936,-0.221415509163967,-0.0614468794508062
0.380417240894402,-0.220386866920131,-0.068327474730442
0.398494612909912,-0.216526142324436,-0.0748558098622879
0.418227629666621,-0.213669060765353,-0.0806016463515406
0.436850592351108,-0.210118292997957,-0.0864353447417536
0.45250079578123,-0.203792730717235,-0.0921528157925844
0.469498438584826,-0.197018387572621,-0.0972921445662013
0.486790610769677,-0.190647342585203,-0.10112889211059
0.50088517757182,-0.184128184066738,-0.103570720208436
0.515358798560866,-0.177697247403861,-0.107947968022643
0.531352356662817,-0.171795842824616,-0.113898073199247
0.545057386180733,-0.167521664317484,-0.118061181145654
0.555554013352916,-0.16659306024199,-0.121209111058855
0.56628589439257,-0.164227450511152,-0.126253565733764
0.57791396910352,-0.160999072145644,-0.132348817192989
0.590330091121873,-0.156321860438565,-0.137279104662454
0.600464101719755,-0.152351942807126,-0.140565186691571
0.6082406262126,-0.149835745010978,-0.144281042571691
0.615727419471262,-0.146351299560679,-0.148902220089109
0.623717781253581,-0.142279980127899,-0.152745940204413
0.631648397922094,-0.138805419100686,-0.155994523808784
0.638742531064167,-0.136181802366874,-0.158489547070312
0.645644080144019,-0.1330481106011,-0.160021634649013
0.651637435261115,-0.13170335561826,-0.16098127436888
0.65646924146911,-0.130745008327334,-0.162327466549096
0.659801572356237,-0.128361383940311,-0.162844130583602
0.662156037350847,-0.126756049430998,-0.164335368008253
0.66373806309162,-0.129809530303674,-0.16669501462145
0.663762261796652,-0.133118269583358,-0.170758772936626
0.663497383823397,-0.132495829027744,-0.173176699555734
0.663404662647463,-0.130989700392704,-0.174547169994881
0.663491619905388,-0.130419468783359,-0.177985344118271
0.663608707704324,-0.132258813673109,-0.182597072160734
0.664256465175833,-0.132162590546373,-0.187432811440736
0.663171912073313,-0.131377106649615,-0.192014634309832
0.661743421015558,-0.13437386215537,-0.194875986066143
0.661130140763763,-0.138100583364272,-0.200038202309093
0.662090465348795,-0.138499911626273,-0.203113868181138
0.661353501368311,-0.141103343338441,-0.202812761369681
0.660598446592183,-0.146137769614267,-0.2035243439194
0.660991964856293,-0.150180990642197,-0.203649458867926
0.659912684254513,-0.155812516557853,-0.199356816259262
0.657087979352425,-0.162435651177157,-0.193773781290109
0.653929385815329,-0.167596164118365,-0.19158039278822
0.651969219045387,-0.170958319715397,-0.189309295509819
0.649405333691314,-0.172722378100481,-0.182799792517581
0.643299555183807,-0.177059134970861,-0.176929345646434
0.638300473272589,-0.181994953722168,-0.175970888216864
0.634839450534494,-0.184888249939768,-0.17647885643146
0.630768107200437,-0.185563877873819,-0.176840706329272
0.626032105288038,-0.187075335294876,-0.175165239811983
0.620871789485885,-0.191392676661106,-0.172468738614628
0.616488828457213,-0.195363239696493,-0.169789841636201
0.612056003067106,-0.20010003999929,-0.167976814907478
0.606648346287902,-0.202220506418073,-0.165028111172166
0.599427384955359,-0.202264878492254,-0.160781428706854
0.591193939169741,-0.204260046633761,-0.158885562685077
0.581644628598032,-0.208255569490522,-0.158115279319505
0.57094405603235,-0.211083011221212,-0.155422102177223
0.559522303512456,-0.214740954556317,-0.152835464751502
0.548904299346629,-0.217309833357752,-0.150603533216332
0.536349751754206,-0.218320612877495,-0.147090271040892
0.523083986778806,-0.220076097029339,-0.144131791015558
0.510959246899387,-0.221568078636619,-0.142634616776434
0.498106308699142,-0.221164843138175,-0.141520475241303
0.485620570867897,-0.220996718842638,-0.138987220659625
0.473861679164557,-0.222204303455233,-0.132978827438351
0.461260123707009,-0.222413160900909,-0.12730232697535
0.448133327406203,-0.222914049407482,-0.12257766842915
0.437533047023057,-0.225085795194893,-0.118264030173384
0.426491335431768,-0.229726585608134,-0.111916621874195
0.413288616270539,-0.236218711554063,-0.104230985538382
0.399648183329997,-0.243814207517019,-0.0986503235149317
0.385738861695904,-0.251877650323258,-0.093343502492045
0.371040972434756,-0.258227797291009,-0.0863377382428955
0.356158418910202,-0.264030723005367,-0.0786264174953099
0.341384129603983,-0.267796082283824,-0.0718653128996057
0.327327297970255,-0.271002487670238,-0.0641425041953233
0.31294330837839,-0.274500235046395,-0.0555575432694782
0.29708026811892,-0.278856563979695,-0.0454153107173181
0.282111731389135,-0.28194627562923,-0.0368981218218748
0.267955686445467,-0.283981682029269,-0.0292187473851012
0.255318686908663,-0.287412248859619,-0.022566218237122
0.243164167094342,-0.29244401798413,-0.017206885964518
0.231851551479916,-0.29636464830233,-0.0138333544109494
0.222598666121615,-0.301778602752911,-0.0104803892228574
0.21319533048612,-0.308274285599504,-0.00798041984759776
0.204601004682425,-0.314800497266907,-0.00672495453197663
0.196741869965705,-0.320858743468298,-0.00484840475495046
0.18519504669824,-0.325748966247635,-0.00130955874323533
0.172872864785164,-0.330031993529626,0.00171814870930611
0.161802020047471,-0.332869240139475,0.00442468465607018
0.14997065740617,-0.334321337694071,0.00734633561085985
0.13844112124078,-0.336542869714978,0.00965164226552664
0.128671500494642,-0.338462661647534,0.0105714779453027
0.120152640394731,-0.341751238640969,0.0131359682255758
0.112850583603326,-0.347507065247474,0.0162002354149584
0.104376778487571,-0.353207806365302,0.0188953190781862
0.0953936057743423,-0.354831652393703,0.0221370327473205
0.0876248699062967,-0.353930902298107,0.0290148671783606
0.0810028663082943,-0.354751517152068,0.0349529977561318
0.0749224019836961,-0.355059062298463,0.037647167745437
0.0680786379492437,-0.356093192793741,0.0407404468725745
0.0616910252036416,-0.359853978680818,0.044812956923922
0.0567144663716134,-0.36429859354255,0.0481497513659738
0.0524729951386809,-0.367906870034991,0.0509481717248642
0.0477774507754181,-0.371598346765003,0.0538729785060558
0.0447195202866324,-0.373061981251452,0.0559139534003975
0.0424388342412539,-0.373001661992938,0.0591550091410847
0.039676209580921,-0.375209878268711,0.0644476042444718
0.0357144188597796,-0.378482523236376,0.0681005455503153
0.0311978838127703,-0.379963105571785,0.0704041989571012
0.027532853162519,-0.380757168049556,0.0720081213112227
0.0227584224606562,-0.37792192791686,0.0723486932739374
0.0174730556547712,-0.371969378194231,0.0729998508740463
0.0133765391140356,-0.365191321781148,0.0757013495999442
0.0108315418536432,-0.360242706354076,0.0790423445955471
0.00901996245889122,-0.355015612587185,0.0843292868389039
0.00723292773924179,-0.351002588387053,0.0906403836075467
0.00560486899053054,-0.347782193918621,0.0988457000100965
0.00339502172931168,-0.347511747658134,0.103915678477849
0.00104812654953287,-0.347688417261742,0.10517950670178
-0.00041608940150316,-0.34603592874434,0.106189369091611
-0.00251860064394011,-0.341960393515223,0.10729221305071
-0.0061871550597895,-0.337008783426074,0.108472484917676
-0.00818117703874879,-0.331889019682642,0.110253990670469
-0.00891501275469976,-0.327352637837294,0.113462643699374
-0.00929996612636099,-0.323689825927708,0.118321238732276
-0.00963124547540964,-0.321946898711161,0.122547979714972
-0.0106220633348769,-0.320576895360673,0.125498222023636
-0.0110347465239192,-0.31849921137496,0.125722493060818
-0.0105724755803513,-0.315798692804016,0.124484644537737
-0.0103320435756563,-0.314901992886564,0.124592090839248
-0.00983951456758102,-0.313383126431186,0.125093538553157
-0.00959480935603234,-0.310704654829963,0.124759881539293
-0.00908959148217583,-0.307477104250513,0.126129494527227
-0.00790041479785351,-0.30448013419508,0.12720194076871
-0.00626395018675524,-0.301432066027857,0.125338231494388
-0.00451437982623476,-0.298633769613611,0.121972198835057
-0.00149592382374209,-0.297835969502457,0.120626821539132
0.00287920223086241,-0.299965733556501,0.119581596303908
0.00804542742198244,-0.301581975949995,0.115958765112987
0.0128460892330469,-0.302959076163218,0.112965107080406
0.0166651720994595,-0.30615503683337,0.112412366869188
0.019435247601544,-0.309279620263339,0.110676163035244
0.0227672797025173,-0.308925866761635,0.10606397691773
0.02632328219716,-0.307891304210387,0.103123714624928
0.0292364811682167,-0.310249081529667,0.10388536595408
0.0331368474153731,-0.315372535102871,0.107428877521166
0.0375710937813471,-0.323055077781651,0.109891027508994
0.0441263400745826,-0.328675829964585,0.107653362895555
0.0526902287739233,-0.332580056537396,0.104890570605296
0.0599260675704232,-0.338081880172559,0.104086706585968
0.0668718721886947,-0.343479455301796,0.103036401829785
0.0745610295004835,-0.346868862092746,0.101377055549197
0.082217260374741,-0.349869620638416,0.101805605143616
0.0902224300424311,-0.353460433102459,0.103388816979501
0.0985998770958436,-0.353482884086338,0.102012628501949
0.106837994985061,-0.349508944886873,0.099263317148442
0.115249330398178,-0.345946080236781,0.0983439313826985
0.122870098570103,-0.350401560998289,0.100746614350904
0.130724430655899,-0.35857181174372,0.105345771079132
0.13818691491572,-0.360698469647533,0.103229388542437
0.14550675947887,-0.358066605031971,0.0983493768646218
0.152583394679678,-0.360493977489403,0.0986066492748304
0.160721378774614,-0.366346835157502,0.100424745163143
0.167507103633476,-0.369437512429924,0.0994396271423392
0.173105723553988,-0.369285325753607,0.0962379333704455
0.179909100281277,-0.370338564239041,0.0932484654943214
0.187591636280149,-0.372169377000677,0.0906347199987555
0.194987728919621,-0.369853807015284,0.0866247995508998
0.201487221965774,-0.363719477640819,0.0815502179923238
0.206006687500538,-0.360822838864623,0.0793145137524455
0.210340249653684,-0.361449494202318,0.0778959755204691
0.215524870531955,-0.358886330577188,0.0734331650707086
0.219087795480474,-0.353266159651656,0.0682145043860265
0.222104524441109,-0.353326216786017,0.0664517182427307
0.227845469613475,-0.359962075761085,0.064662231040428
0.234807811557071,-0.361238581943572,0.0586406826820574
0.238220688242841,-0.359130232793493,0.0541801071497508
0.24039486183613,-0.358239694458193,0.0519526673892594
0.246876760636373,-0.356553706463584,0.0483068044380577
0.253702266991868,-0.356373803707887,0.0456533189143915
0.258872544637982,-0.359364328045973,0.0434694713050804
0.265505294915823,-0.359390297219172,0.0397915273637756
0.271773808367705,-0.357917048726584,0.0389891050398604
0.273802807854978,-0.360281991883078,0.0439294350797182
0.276121817737279,-0.363223639760976,0.0470679591187546
0.281164573999129,-0.3624855020464,0.0479915427992866
0.286146784208295,-0.363677232736619,0.0502252803411916
0.287822494819202,-0.366294139758901,0.0590472347239007
0.290170865928545,-0.366781884705007,0.0631544450420176
0.294244748428965,-0.364753644212847,0.0625799340131949
0.296959789387075,-0.36428363907787,0.0630977111622861
0.298086051252167,-0.365113156437659,0.0652844514555585
0.29937968582481,-0.364492626407942,0.0660221474062734
0.303296545141277,-0.360361134937448,0.0635229443603267
0.307443738030897,-0.355973680841216,0.0625724027526008
0.310479605037313,-0.355047679137394,0.0628216845828905
0.31356272516571,-0.354064797902487,0.0618878019678255
0.315766661668868,-0.352551031916476,0.0606620802164828
0.317141153055607,-0.351476520290194,0.0593943868908656
0.318486120739664,-0.350691095572779,0.0577208484135908
