-1.85868239402771,0.923624277114868,9.61369514465332
-1.8795610666275,0.857790350914001,9.70845317840576
-1.78034460544586,0.921758115291595,9.62155055999756
-1.76939213275909,0.972306489944458,9.49869441986084
-1.93866181373596,0.961084008216858,9.64834308624268
-1.86887788772583,0.884254097938538,9.74062919616699
-1.80461668968201,0.876279711723328,9.61598873138428
-1.72640776634216,0.883826971054077,9.58295249938965
-1.75918066501617,0.903261601924896,9.70339012145996
-1.86427903175354,0.85114574432373,9.7247200012207
-1.97962868213654,0.960144698619843,9.6757287979126
-1.7246960401535,0.965654909610748,9.68054962158203
-1.77700304985046,1.05914008617401,9.63262271881104
-1.78382050991058,1.01421713829041,9.65569496154785
-1.70564866065979,1.01582849025726,9.78347969055176
-1.76566553115845,1.03943634033203,9.77155494689941
-1.822225689888,1.10964131355286,9.69847774505615
-1.77783179283142,1.1443897485733,9.68596076965332
-1.7953268289566,1.13288545608521,9.67696094512939
-1.79665470123291,1.13648951053619,9.66419315338135
-1.71957123279572,1.12204718589783,9.68135070800781
-1.77050018310547,1.11913013458252,9.72998142242432
-1.76829028129578,1.06731593608856,9.72463130950928
-1.61223769187927,0.998847901821136,9.71751403808594
-1.58492255210876,1.01555335521698,9.77814102172852
-1.53566789627075,0.918734073638916,9.83142471313477
-1.49324321746826,0.899665355682373,9.81900978088379
-1.54445099830627,1.03645670413971,9.70378494262695
-1.5696656703949,1.04853510856628,9.67702007293701
-1.70882391929626,1.07550168037415,9.80750465393066
-1.61867380142212,1.02863228321075,9.73014640808105
-1.38823926448822,0.962340474128723,9.75352478027344
-1.18639206886292,0.953100085258484,9.688889503479
-1.1168566942215,0.935152113437653,9.67123603820801
-1.28582561016083,0.854984402656555,9.62661170959473
-1.2108325958252,0.879048228263855,9.55619812011719
-1.34168064594269,0.944609880447388,9.63736534118652
-1.44853854179382,0.904229164123535,9.71351623535156
-1.38491010665894,0.888009488582611,9.5479040145874
-1.36423301696777,0.869728088378906,9.58449745178223
-1.22942662239075,0.875701904296875,9.57266712188721
-1.11353123188019,0.833093047142029,9.58104705810547
-1.25174593925476,0.777973473072052,9.65512275695801
-1.10897362232208,0.666467010974884,9.68284893035889
-0.824423313140869,0.547244250774384,9.75419807434082
-0.915414035320282,0.415022075176239,9.91146469116211
-1.15660727024078,0.475037187337875,9.92697429656982
-1.11462438106537,0.543473482131958,9.92883110046387
-1.03883266448975,0.4250847697258,9.93233489990234
-1.00098073482513,0.464249104261398,9.95818328857422
-1.27064323425293,0.510727882385254,9.83220100402832
-1.18306970596313,0.553579211235046,9.65799331665039
-0.929645180702209,0.494388401508331,9.61302852630615
-0.860042810440063,0.419493973255157,9.74542045593262
-0.944134771823883,0.346044689416885,9.77771377563477
-1.23354804515839,0.446067988872528,9.844970703125
-1.06143748760223,0.39289066195488,10.0570154190063
-0.999256312847137,0.301955670118332,9.82690811157227
-1.20067870616913,0.391547381877899,9.94716262817383
-1.29783177375793,0.422729045152664,9.93558502197266
-1.0482485294342,0.396967887878418,9.85723876953125
-0.852895498275757,0.441242694854736,9.82819175720215
-1.0947642326355,0.579623162746429,9.70615005493164
-1.29994821548462,0.63526064157486,9.78786373138428
-1.34019196033478,0.550494909286499,9.77696990966797
-1.03177404403687,0.628946661949158,9.65486812591553
-1.00685155391693,0.63534414768219,9.63440036773682
-1.15256237983704,0.5424485206604,9.63631439208984
-1.16292095184326,0.57667338848114,9.65884113311768
-1.17221331596375,0.566729843616486,9.84722518920898
-1.13634204864502,0.556670844554901,9.86483287811279
-1.1689692735672,0.463424056768417,9.45705032348633
-1.24527859687805,0.624674797058105,9.37267971038818
-1.25377631187439,0.463646680116653,9.87595653533936
-1.23559129238129,0.352002084255219,9.6774845123291
-1.46794056892395,0.403656154870987,9.80061721801758
-1.63894975185394,0.507730841636658,9.92941379547119
-1.31236267089844,0.598669946193695,9.84189033508301
-1.13030934333801,0.459343999624252,10.089183807373
-1.10924220085144,0.41963118314743,10.0893144607544
-1.04150605201721,0.43818986415863,9.93534374237061
-1.07501256465912,0.428531289100647,10.0715465545654
-1.14071452617645,0.382357388734818,10.1298208236694
-1.10282492637634,0.310322791337967,9.87123680114746
-1.06510281562805,0.431354641914368,9.9532413482666
-1.28182256221771,0.767934203147888,10.0240268707275
-1.29741823673248,0.568768501281738,10.0270404815674
-1.04905450344086,0.406915277242661,9.9861946105957
-1.37454295158386,0.45129457116127,9.92174911499023
-1.31945037841797,0.40182164311409,10.1527976989746
-1.05841267108917,0.208597734570503,10.0651750564575
-1.22794258594513,0.254093408584595,9.85002899169922
-1.11155843734741,0.218041777610779,10.0204305648804
-0.981921911239624,0.0735310092568398,9.91397190093994
-0.953515648841858,0.145386233925819,9.6977481842041
-0.85522985458374,0.0225250013172626,9.80945873260498
-0.629926800727844,-0.166761234402657,9.95370483398438
-0.799574434757233,-0.0977383852005005,9.7844352722168
-0.850773394107819,0.0605017468333244,9.94712066650391
-0.819205403327942,0.0079010333865881,9.82842254638672
-0.676052093505859,-0.14305579662323,9.57395172119141
-0.575562298297882,-0.180898562073708,9.69856452941895
-0.728798151016235,-0.1224170550704,9.5325984954834
-0.823228299617767,0.0577364563941956,9.56171226501465
-0.95055741071701,0.157816186547279,9.4896240234375
-0.965762674808502,-0.085101306438446,9.39631366729736
-0.992088079452515,0.140753537416458,9.71206855773926
-1.27877497673035,0.390062361955643,9.37987899780273
-1.26107478141785,0.432715088129044,9.4353141784668
-1.15354895591736,0.396309345960617,9.54681873321533
-1.30231642723083,0.21891126036644,9.72600841522217
-1.31265902519226,0.214241951704025,10.1333847045898
-1.25573098659515,0.251389861106873,10.1524543762207
-1.15924489498138,0.284075736999512,10.0144100189209
-1.0502302646637,0.223861992359161,9.91967868804932
-0.896348714828491,0.212964355945587,9.90576362609863
-0.897553324699402,0.24554318189621,9.7442798614502
-0.696152567863464,0.205373346805573,9.84814453125
-0.633949398994446,0.190879434347153,9.97819995880127
-0.513121366500854,0.196860462427139,10.0579481124878
-0.517483830451965,0.274777561426163,10.0503749847412
-0.526164352893829,0.353309452533722,10.1923751831055
-0.466316074132919,0.288016498088837,9.87108707427979
-0.648174285888672,0.507994592189789,9.97213745117188
-0.693975269794464,0.415466517210007,10.1547317504883
-0.719083666801453,0.417131781578064,9.94448757171631
-0.4275963306427,0.364095330238342,9.78578186035156
-0.402755737304688,0.362214922904968,9.67848205566406
-0.542087197303772,0.308398813009262,9.71466827392578
-0.256158024072647,0.231981590390205,9.99216079711914
-0.296191662549973,0.263386011123657,9.72451210021973
-0.38361394405365,0.267550557851791,9.77019119262695
-0.440275013446808,0.144902855157852,10.0269584655762
-0.497023344039917,0.175382137298584,9.85087013244629
-0.544429421424866,0.221692934632301,10.0057353973389
-0.642180263996124,0.239842861890793,9.96388912200928
-0.543704986572266,0.232417523860931,9.66159248352051
-0.501816034317017,0.307108879089355,9.54976654052734
-0.757676839828491,0.537189364433289,9.38314151763916
-0.769639611244202,0.667287230491638,8.95664596557617
-0.492597103118896,0.426534652709961,9.55484199523926
-0.326871037483215,0.152999401092529,10.1136016845703
-0.283416271209717,0.195548385381699,10.2309761047363
-0.334092170000076,0.241795420646667,9.97209548950195
-0.39801487326622,0.360717266798019,10.0005016326904
-0.378409713506699,0.390545725822449,9.91892623901367
-0.519982635974884,0.474696516990662,9.98650932312012
-0.794349372386932,0.552581548690796,9.89462089538574
-0.729474663734436,0.582207322120667,9.75187873840332
-0.502904772758484,0.505275666713715,9.84728240966797
-0.484121859073639,0.427570819854736,9.96857070922852
-0.274393796920776,0.336329698562622,10.1669311523438
-0.0445025637745857,0.319367378950119,10.16845703125
-0.18019425868988,0.27680516242981,10.1060523986816
-0.249270796775818,0.30103811621666,9.96375274658203
-0.530624985694885,0.368291348218918,9.79350566864014
-0.578367948532104,0.421929806470871,9.82670593261719
-0.513166189193726,0.383975565433502,9.92759609222412
-0.515448391437531,0.376260191202164,9.77900505065918
-0.583285748958588,0.414151281118393,9.93280982971191
-0.424868941307068,0.382173120975494,9.98160171508789
-0.36927118897438,0.381242960691452,9.9150276184082
-0.246711596846581,0.221065133810043,10.1476593017578
-0.150651946663857,0.247260749340057,10.0788908004761
-0.191937699913979,0.421633869409561,9.82187747955322
-0.224117234349251,0.380714535713196,9.70804786682129
-0.202327042818069,0.3256014585495,9.7892017364502
-0.204563230276108,0.29728427529335,9.8309326171875
-0.321235299110413,0.260740011930466,9.93353843688965
-0.449137985706329,0.292638033628464,9.94201755523682
-0.620859026908875,0.292636960744858,9.85769271850586
-0.375178098678589,0.253369987010956,9.741379737854
-0.246522456407547,0.286841750144958,9.58808326721191
-0.265083312988281,0.311275005340576,9.66744422912598
-0.36379462480545,0.273236453533173,9.7673454284668
-0.37591141462326,0.233695387840271,9.67380046844482
-0.446841329336166,0.277139842510223,9.74969673156738
-0.365414589643478,0.20790034532547,9.85647773742676
-0.331506311893463,0.257020175457001,9.7864236831665
-0.289361983537674,0.21575054526329,9.89783191680908
-0.386076301336288,0.158410623669624,9.9264669418335
-0.495138376951218,0.321491062641144,9.89089393615723
-0.529594779014587,0.427148193120956,9.8448486328125
-0.620685994625092,0.430152326822281,9.78139019012451
-0.536432504653931,0.563994646072388,9.69192504882813
-0.357359290122986,0.507678508758545,9.84692287445068
-0.041495643556118,0.398291409015656,9.98463153839111
0.0413918793201447,0.34595650434494,10.1696672439575
-0.0166992880403996,0.407346904277802,10.1159296035767
0.265858173370361,0.298119187355042,10.128885269165
0.270849585533142,0.354939997196198,10.1861038208008
0.0299675948917866,0.479024529457092,9.98373126983643
-0.0399879738688469,0.518417000770569,9.87202167510986
-0.0434982813894749,0.601758480072021,9.88301563262939
0.0407551825046539,0.526455879211426,9.77030944824219
0.0788723006844521,0.557350933551788,9.7955207824707
-0.095985509455204,0.647532641887665,9.75571060180664
0.01955646276474,0.653806090354919,9.71829509735107
-0.0313551649451256,0.719452977180481,9.84066104888916
-0.0826008468866348,0.671354055404663,9.75991249084473
-0.204927638173103,0.692143678665161,9.6138277053833
-0.181923896074295,0.82130640745163,9.38852977752686
0.00842644087970257,0.77894800901413,9.45342826843262
-0.0800856128334999,0.897158265113831,9.71565628051758
-0.216715708374977,1.13475131988525,9.86004543304443
-0.0206582881510258,1.09155428409576,9.50559329986572
0.188984736800194,0.903055310249329,9.70088005065918
0.283531010150909,0.809708416461945,9.96714973449707
0.120522826910019,0.879181027412415,10.0557498931885
-0.0998611897230148,1.0053653717041,10.0343132019043
-0.173854663968086,0.922235071659088,9.77183723449707
-0.0853983387351036,0.902120292186737,9.80651664733887
0.257022559642792,0.922021687030792,9.96365547180176
0.426598399877548,0.86115562915802,9.92918682098389
0.426753789186478,0.957304775714874,9.66685962677002
0.196083277463913,0.855102241039276,9.60611248016357
0.165441080927849,0.749092638492584,9.62541770935059
-0.22227044403553,0.886471807956696,9.56091690063477
-0.22089222073555,0.667609930038452,9.50076961517334
0.00558285601437092,0.0126725183799863,9.79398441314697
-0.19935043156147,0.105634145438671,9.94213199615479
0.00725714443251491,0.304382741451263,9.98509502410889
0.355097532272339,0.169238314032555,9.71359157562256
0.208343133330345,0.256380379199982,9.65248680114746
-0.110578924417496,0.512980580329895,9.77081108093262
-0.217798292636871,0.539113283157349,9.54901695251465
-0.0825271382927895,0.290602028369904,9.74686717987061
0.182716265320778,0.0753247514367104,9.94994163513184
0.0821822807192802,0.108136251568794,9.94587898254395
0.0700741410255432,0.113857366144657,10.1331939697266
0.22130936384201,-0.0728413313627243,10.0078153610229
0.147729888558388,0.0606344416737556,10.1119623184204
0.0601088404655457,0.232366874814034,9.92748069763184
-0.362805277109146,0.245188623666763,9.80025959014893
-0.244833588600159,0.232432678341866,9.51135540008545
-0.0761829316616058,0.147682547569275,9.49407386779785
-0.0834730044007301,0.0816235840320587,10.4340190887451
-0.287915825843811,-0.050711315125227,9.99166965484619
-0.21957927942276,0.0740472823381424,9.4641227722168
-0.418842643499374,0.26650470495224,9.89096832275391
-0.283594489097595,0.122584745287895,10.1413946151733
-0.287065744400024,-0.0692028254270554,9.60502815246582
-0.430773586034775,0.0933839306235313,9.83028793334961
-0.569307923316956,-0.0383047983050346,10.006311416626
-0.346010863780975,0.0753804445266724,9.72660064697266
-0.308227896690369,-0.0543429404497147,9.53668880462646
-0.298637747764587,0.0410335995256901,9.95236968994141
0.0221829283982515,-0.201727598905563,10.0202407836914
0.108497641980648,-0.241057425737381,9.64060115814209
-0.328356951475143,-0.0700209364295006,9.81373119354248
-0.479943633079529,0.157340481877327,9.74069118499756
-0.210577100515366,0.0107015911489725,9.79616355895996
-0.399167835712433,-0.0433542057871819,9.57184028625488
-0.404332876205444,-0.0499870255589485,10.2422294616699
-0.345304399728775,-0.344891995191574,10.1884984970093
-0.189386621117592,-0.390597611665726,9.79969310760498
-0.128108486533165,-0.278596788644791,9.9799337387085
-0.315168440341949,-0.31734910607338,9.8484582901001
-0.58227527141571,-0.270068526268005,9.57723712921143
-0.509736359119415,-0.352362871170044,9.56261253356934
-0.216528937220573,-0.510020315647125,9.84846782684326
-0.267296761274338,-0.518576204776764,10.2200050354004
-0.444470584392548,-0.310044795274734,10.5268707275391
-0.421631306409836,-0.239961788058281,10.2818279266357
-0.604867339134216,-0.0879363790154457,9.97164535522461
-0.544656991958618,-0.0475116893649101,9.69613075256348
-0.602323889732361,0.129459336400032,9.92264366149902
-0.750637173652649,0.187513515353203,9.74371147155762
-0.827676653862,0.122032657265663,9.83589649200439
-0.324529498815536,-0.0147290760651231,10.1594266891479
0.00583531800657511,-0.105373196303844,10.0766754150391
-0.000978764612227678,-0.231071785092354,10.0627393722534
-0.10930010676384,-0.192600160837173,10.0953578948975
-0.12227476388216,-0.0298994779586792,10.3311281204224
-0.361613154411316,0.0586698986589909,10.1444683074951
-0.782933831214905,0.267690479755402,9.98666763305664
-0.554952323436737,0.29302379488945,10.0575513839722
-0.502377033233643,0.353402495384216,9.7169361114502
-0.90263432264328,0.445639908313751,9.29488372802734
-0.682116806507111,0.225730285048485,9.43441963195801
-0.18196938931942,0.358790814876556,9.50434303283691
0.0838021039962769,0.318802773952484,9.62336158752441
0.0709567070007324,0.490691840648651,9.72694206237793
-0.727915346622467,0.535892367362976,10.0107955932617
-0.47159069776535,0.411650329828262,10.0681133270264
-0.0449257120490074,0.309746384620667,10.1361017227173
-0.3816037774086,0.3784299492836,10.3227920532227
-0.3276207447052,0.282425880432129,10.0469818115234
-0.424328446388245,0.346134722232819,10.4378871917725
-0.409319698810577,0.330992043018341,10.1459770202637
-0.0153623586520553,0.208232343196869,9.82820224761963
0.00446817185729742,0.143800497055054,9.77297306060791
-0.190891250967979,0.220513865351677,9.71944999694824
-0.152972191572189,0.352308928966522,9.38731098175049
-0.0449440330266953,0.358483821153641,9.56608963012695
0.051111351698637,0.325486034154892,9.75016307830811
-0.321894705295563,0.24471215903759,9.71067523956299
-0.473223030567169,0.39735621213913,9.89088249206543
-0.24525848031044,0.359574615955353,9.99258613586426
0.020299294963479,0.19699139893055,9.71099090576172
0.226675480604172,0.0632997304201126,9.58945655822754
0.105228126049042,-0.0112346597015858,9.87134170532227
-0.0498919561505318,0.0463724695146084,10.1496028900146
-0.264915019273758,0.110190510749817,9.93443965911865
0.0691161006689072,0.0913966149091721,9.92288780212402
0.0760522112250328,0.185302838683128,10.0370302200317
-0.0551049448549747,0.128326460719109,10.0115480422974
-0.107306711375713,0.0942471325397491,10.0360069274902
-0.20617002248764,0.225274637341499,9.77202892303467
-0.180571272969246,0.221212893724442,9.83466339111328
-0.330359578132629,0.105716489255428,10.257025718689
-0.612715244293213,0.252513915300369,10.0076866149902
-0.195139169692993,0.061084933578968,9.84107398986816
-0.30487921833992,0.152180045843124,10.050518989563
-0.496191024780273,0.37421578168869,10.2396640777588
-0.427041798830032,0.116056926548481,10.0634422302246
-0.406455665826797,0.0811645686626434,10.0303192138672
-0.748743534088135,0.45245635509491,10.0541000366211
-0.138099163770676,0.25020095705986,9.5942268371582
-0.0859382897615433,0.183218345046043,9.74472713470459
-0.843567192554474,0.40829798579216,10.016056060791
-0.52827787399292,0.286887288093567,10.0121097564697
-0.304577708244324,0.333201915025711,9.87908458709717
-0.637483835220337,0.501600563526154,9.52430725097656
-0.478469669818878,0.310254096984863,9.73630046844482
-0.566647887229919,0.264649569988251,10.0802345275879
-0.599152266979218,0.31582111120224,10.4743528366089
-0.434453517198563,0.30229252576828,10.2629117965698
-0.16946217417717,0.222485214471817,10.1012945175171
-0.0311078354716301,0.240855917334557,10.3195495605469
-0.273321151733398,0.272442787885666,10.2511386871338
-0.32798844575882,0.224842116236687,9.91280078887939
0.316628843545914,0.126787051558495,10.0119886398315
0.233839079737663,0.0961436256766319,10.1407947540283
-0.0954512730240822,0.20354937016964,10.0273933410645
0.0253154039382935,0.195509061217308,9.76642322540283
-0.00112626957707107,0.223110735416412,9.77297782897949
-0.232871830463409,0.366492241621017,9.58132171630859
0.129700750112534,0.153163850307465,9.50185871124268
0.104013867676258,0.167483270168304,9.55095672607422
0.0749506205320358,0.0813862979412079,9.59615421295166
-0.150501072406769,0.0195535831153393,9.62976169586182
-0.190353810787201,-0.0342762768268585,9.40464115142822
-0.0671554580330849,0.0930268615484238,9.57697105407715
-0.23770609498024,0.0456261336803436,9.7263298034668
-0.154807835817337,-0.0047354819253087,9.65687465667725
-0.0362026058137417,0.108080834150314,9.62084770202637
-0.00599049916490912,0.101918041706085,9.63413715362549
0.0120612122118473,-0.0366725437343121,9.63062000274658
-0.0195606295019388,-0.0688293725252151,9.87352180480957
-0.081755593419075,-0.0290642511099577,10.0957946777344
-0.171169385313988,0.0973881259560585,9.85670375823975
-0.00830802507698536,0.0730545744299889,9.85846519470215
-0.0976074934005737,0.0153067372739315,10.0155324935913
-0.229314565658569,0.18448631465435,10.1480531692505
-0.0884913504123688,-0.0257011298090219,10.0317535400391
-0.0998891368508339,0.0724605843424797,10.2077045440674
-0.164466142654419,-0.0167490877211094,9.8751745223999
-0.0991760790348053,0.00128743192180991,10.0225610733032
-0.308361709117889,0.161583662033081,9.92408561706543
-0.223225325345993,0.118789345026016,9.76440048217773
-0.249837204813957,0.169567748904228,9.81331348419189
-0.253624856472015,0.263309180736542,9.54596519470215
0.0292563922703266,0.120765835046768,9.78005027770996
-0.119439512491226,0.0563462115824223,10.2151918411255
-0.168744936585426,0.049127172678709,9.99956035614014
0.0121989902108908,-0.0718165040016174,9.76923370361328
-0.011232609860599,0.0369573719799519,9.88839435577393
-0.166133508086205,-0.017505431547761,10.0036373138428
-0.0577665567398071,-0.12297498434782,9.83201599121094
-0.35489296913147,0.0160694215446711,9.60403633117676
-0.317698150873184,-0.128470197319984,10.0045471191406
-0.086905337870121,-0.259261786937714,10.0831832885742
-0.0440912581980228,-0.24447637796402,9.93311405181885
-0.117914527654648,-0.266941845417023,9.81584644317627
0.0322494655847549,-0.238927379250526,9.90585231781006
0.00510883424431086,-0.439776420593262,10.1062850952148
-0.121696412563324,-0.343123883008957,10.1907653808594
-0.0369274690747261,-0.395291656255722,10.173282623291
-0.131907567381859,-0.322530329227448,10.062219619751
-0.509832262992859,-0.0523682087659836,9.99032783508301
-0.427187979221344,-0.0255700424313545,9.89936065673828
-0.183047652244568,0.0826489105820656,9.76278781890869
-0.21297387778759,0.132061943411827,9.95925807952881
-0.451154559850693,0.30672562122345,10.0212478637695
-0.160864651203156,0.0925814807415009,9.74009227752686
-0.0323786586523056,0.296373844146729,10.0181140899658
-0.0802617818117142,0.300424367189407,10.1187314987183
-0.3582623898983,0.382009029388428,9.7138032913208
-0.358821421861649,0.346619933843613,9.47708988189697
-0.182057812809944,0.251067727804184,9.79600620269775
0.0242371037602425,0.218154489994049,9.98902606964111
0.0578310191631317,0.128921717405319,10.088077545166
0.167307406663895,0.0973373576998711,9.91340255737305
0.305577337741852,0.0792292356491089,10.0530376434326
0.0163885150104761,0.260377138853073,9.80408954620361
0.075949415564537,0.212680205702782,9.68255043029785
0.00345900561660528,0.226685583591461,9.93456649780273
0.0506495982408524,0.193754762411118,10.1570453643799
-0.0442511588335037,0.304523468017578,9.92011260986328
0.056120365858078,0.130547940731049,9.60127639770508
0.0272009633481503,0.343316793441772,9.75782489776611
0.246959447860718,0.329584687948227,9.77974128723145
0.276359170675278,0.252634137868881,9.72759819030762
0.227314338088036,0.224550560116768,9.71224689483643
0.119740813970566,0.343043982982635,9.50916767120361
0.130494445562363,0.461486786603928,9.55700969696045
-0.0740868449211121,0.550337195396423,9.78913116455078
-0.0170268695801497,0.534246921539307,9.75049495697021
0.20954430103302,0.460829198360443,9.58246994018555
0.156772151589394,0.460656136274338,9.60788440704346
-0.0258473940193653,0.349694728851318,10.0059394836426
0.389530539512634,0.449285984039307,10.1829700469971
0.530407309532166,0.383970141410828,9.94511032104492
0.398034244775772,0.316255182027817,10.1373920440674
0.291469782590866,0.382137596607208,9.87384605407715
0.213940650224686,0.504260063171387,9.54457855224609
0.155859261751175,0.563802540302277,9.64745712280273
-0.0629233866930008,0.402166455984116,9.55924606323242
0.0485379099845886,0.632352948188782,9.73546409606934
-0.199688643217087,0.606705069541931,9.66299533843994
-0.143805637955666,0.570496320724487,9.80080413818359
0.0127062685787678,0.459754705429077,9.99268627166748
0.287623107433319,0.303441166877747,10.0801877975464
0.146052271127701,0.344517409801483,9.81572532653809
0.164275363087654,0.341592371463776,9.74114608764648
0.386508464813232,0.147886872291565,9.85191917419434
0.148594126105309,0.265391707420349,9.82611846923828
0.162626400589943,0.232090830802917,9.66074085235596
0.304167032241821,0.156721442937851,9.73106861114502
0.396670460700989,0.133679032325745,9.86405563354492
0.448762834072113,0.213890969753265,9.76080799102783
0.532105028629303,0.11892082542181,9.93047332763672
0.450905561447144,0.19832406938076,10.039623260498
0.141779944300652,0.354818820953369,9.83048820495605
0.0523175448179245,0.311858475208282,9.83008766174316
0.060660857707262,0.319153040647507,9.99056053161621
0.0829746425151825,0.320069313049316,9.89566230773926
0.00108982715755701,0.412603080272675,9.59368228912354
0.0571054108440876,0.356699407100677,9.72981643676758
0.0730671063065529,0.24595145881176,9.73967933654785
-0.174682646989822,0.303430676460266,9.77592945098877
0.077939972281456,0.237565964460373,9.77373504638672
0.191595256328583,0.400323301553726,9.5795316696167
0.0466521829366684,0.240725547075272,9.65638637542725
-0.124923065304756,0.244375705718994,10.0446395874023
-0.0905595645308495,0.2987340092659,10.1188011169434
-0.0966243147850037,0.212982594966888,9.65809726715088
0.069485530257225,0.20302714407444,9.896803855896
0.283781409263611,0.220949947834015,9.89499759674072
0.59261167049408,0.0474821999669075,9.70248794555664
0.510013341903687,-0.0353027768433094,9.73971652984619
0.821882367134094,-0.0563637763261795,9.83433437347412
0.899681508541107,-0.218084558844566,9.90438747406006
0.789780855178833,-0.190296113491058,9.90153217315674
0.809371411800385,-0.209699243307114,9.90314292907715
0.799352765083313,-0.21175017952919,9.76423263549805
0.397479385137558,-0.118989713490009,9.4680347442627
0.419160455465317,0.101170510053635,9.59597587585449
0.385139048099518,0.157413855195045,9.64953994750977
0.24727588891983,0.0859934240579605,9.48800373077393
0.160538569092751,0.0438804589211941,9.93056297302246
0.319245874881744,0.0939440429210663,9.893798828125
0.495630264282227,0.172411501407623,9.81141948699951
0.439679533243179,0.0988554507493973,9.81085395812988
0.478228569030762,0.0147443367168307,9.99838447570801
0.456645011901855,-0.157110199332237,10.1273822784424
-0.00462301820516586,0.0755275785923004,9.97891235351563
0.193776980042458,0.106684640049934,10.1529111862183
0.115577712655067,0.0990109741687775,10.0377340316772
0.196136802434921,0.161013230681419,10.0220050811768
0.286056697368622,0.164385885000229,10.0895166397095
0.161469370126724,0.171243965625763,10.2436256408691
0.0188292413949966,0.156793177127838,10.0270004272461
0.296718329191208,0.109192676842213,9.4251708984375
0.808858931064606,-0.0562108382582664,9.39228916168213
1.06789040565491,-0.428539365530014,10.1178846359253
1.2988041639328,-0.675368189811707,10.3944759368896
1.44375169277191,-0.768287599086761,9.79145622253418
1.14356935024261,-0.549119710922241,9.4601993560791
1.48927927017212,-0.65605103969574,9.34563255310059
1.37099540233612,-0.54152774810791,9.93696403503418
1.36263561248779,-0.516721248626709,9.93659019470215
1.18849122524261,-0.807363390922546,9.75849533081055
1.25675666332245,-0.890800595283508,9.73978424072266
1.01309025287628,-0.605513095855713,10.0683860778809
0.540116429328918,-0.499364852905273,9.69475364685059
0.613034009933472,-0.50356113910675,9.302809715271
1.07705068588257,-0.695025444030762,9.61208057403564
1.46000385284424,-1.00221574306488,9.80080032348633
1.35326194763184,-0.893771350383759,9.63195419311523
0.767035722732544,-0.615015089511871,9.33047866821289
0.7549968957901,-0.633712649345398,9.36088943481445
1.21080267429352,-0.939375877380371,9.71218109130859
1.47630155086517,-1.28035640716553,9.87695217132568
1.27649390697479,-1.15795624256134,9.65241146087646
0.736442565917969,-0.87261700630188,10.4222946166992
1.24943864345551,-1.19675648212433,10.4516868591309
1.48532903194427,-1.30228066444397,9.81922435760498
1.12582504749298,-1.3209091424942,9.8707332611084
1.30220353603363,-1.33822548389435,9.75603103637695
1.30706369876862,-1.33204674720764,9.37744140625
0.936465978622437,-1.09045732021332,9.27052116394043
0.921205997467041,-1.16537690162659,9.89061737060547
1.08681869506836,-1.12533354759216,9.76932144165039
0.712355852127075,-0.836694896221161,9.53302001953125
0.768095552921295,-1.22533321380615,9.31455993652344
1.0245178937912,-1.34511339664459,10.2843255996704
1.12773370742798,-1.69887042045593,10.513692855835
0.772636353969574,-1.34927546977997,10.3228073120117
0.382062971591949,-1.22336733341217,10.069447517395
0.767540752887726,-1.20328330993652,10.2151947021484
0.873562097549438,-1.04817283153534,10.2148962020874
0.479713439941406,-0.9454066157341,9.83906269073486
0.506384968757629,-1.01561212539673,9.72116184234619
0.766617953777313,-1.04941785335541,9.51412677764893
0.228662714362144,-1.12450051307678,9.1245813369751
0.104935869574547,-0.903816103935242,8.99368095397949
0.748010277748108,-0.929894328117371,9.44942760467529
1.21887516975403,-0.965253055095673,9.74784660339355
0.894183218479156,-0.90911066532135,10.2145366668701
0.607739448547363,-0.673494458198547,9.80500507354736
0.525455176830292,-0.288063615560532,9.54742622375488
0.341201484203339,-0.277356326580048,9.58622932434082
0.101604536175728,-0.028213869780302,9.82843399047852
0.0355482622981071,-0.0461866557598114,9.94630813598633
0.739334762096405,-0.876537561416626,10.0980854034424
1.09031581878662,-1.20246064662933,10.0839290618896
1.08786261081696,-0.988332331180573,10.5463752746582
0.572138726711273,-0.901351928710938,10.3362760543823
0.340243726968765,-0.667125940322876,9.92715358734131
0.620990395545959,-0.581017255783081,9.67763519287109
0.293751448392868,-0.290172308683395,10.1271991729736
0.00762427225708961,-0.275229245424271,10.0759963989258
0.000354197807610035,-0.278717398643494,9.75263786315918
0.417729318141937,-0.332313179969788,9.99840641021729
0.257960677146912,-0.456329226493835,10.4830522537231
0.234147697687149,-0.702749311923981,10.4173011779785
0.709919989109039,-0.749908566474915,9.67991638183594
0.897788524627686,-0.464362025260925,9.35781764984131
1.22316312789917,-0.418280482292175,9.41479110717773
0.874439537525177,-0.29398912191391,9.67682552337646
0.399633884429932,0.152074247598648,9.37842082977295
0.518432378768921,0.346513688564301,9.20705699920654
0.237317860126495,0.486822903156281,9.66160106658936
0.475438117980957,0.390913754701614,9.70099449157715
0.413522958755493,0.408176392316818,9.46582889556885
0.494271397590637,0.252409785985947,9.46950721740723
0.932805776596069,-0.141309946775436,9.64722919464111
0.715169370174408,-0.0870815515518188,9.75375366210938
0.23710760474205,0.224860996007919,9.90118598937988
0.268434524536133,0.449725329875946,9.89217758178711
0.180007338523865,0.600888013839722,9.84391021728516
0.268318146467209,0.501011192798615,10.0106687545776
0.392668664455414,0.481984883546829,10.2175226211548
0.553285956382751,0.443688303232193,10.1828765869141
0.902563452720642,0.220086291432381,10.2253637313843
0.770631492137909,0.372292250394821,10.2420825958252
0.703544497489929,0.444342344999313,10.0938549041748
0.334598243236542,0.508779764175415,10.0553131103516
0.506109833717346,0.46764725446701,9.85998058319092
0.673213362693787,0.38835209608078,9.85188579559326
0.228732958436012,0.375674515962601,10.1695432662964
0.376341044902802,0.387965679168701,10.0730075836182
0.337775558233261,0.429883986711502,9.78807544708252
0.373147934675217,0.408719211816788,10.1073942184448
0.569087505340576,0.226588472723961,10.0594892501831
0.562786817550659,0.352903842926025,9.70684242248535
0.86076420545578,0.471076816320419,9.77428245544434
0.788474023342133,0.370533794164658,9.77593517303467
0.775386452674866,0.485228359699249,9.58589935302734
0.577567398548126,0.649791836738586,9.77391147613525
0.666264772415161,0.439469218254089,9.70346164703369
0.640165567398071,0.232390969991684,9.95805263519287
0.230890572071075,0.302662074565887,9.802490234375
0.260013520717621,0.463249087333679,9.81724166870117
0.369962900876999,0.52734512090683,9.80706596374512
0.486939430236816,0.49058610200882,10.0036945343018
0.0489720031619072,0.723485469818115,10.1275424957275
0.0181306339800358,0.967579960823059,9.97097969055176
0.407104581594467,0.774651169776917,9.64793395996094
0.632690072059631,0.678234815597534,9.65945339202881
0.584744215011597,0.516849637031555,9.93637752532959
0.532734990119934,0.678860187530518,9.60222434997559
0.858169615268707,0.927674889564514,9.47410011291504
0.790672779083252,0.755960881710052,9.59451103210449
0.573157906532288,0.592437505722046,9.78131008148193
0.17595137655735,1.04177868366241,9.84672737121582
0.121736362576485,1.15617668628693,9.57461643218994
0.170558929443359,1.05378448963165,9.48050880432129
0.194955110549927,1.00083434581757,9.79249572753906
0.288062751293182,1.04496812820435,9.7510929107666
0.120292291045189,0.979350864887238,9.65841007232666
0.409832239151001,0.830689251422882,9.98354530334473
0.627643287181854,0.412130415439606,10.2255821228027
0.604570388793945,0.374406963586807,10.5026054382324
0.482625365257263,0.305778741836548,9.95002555847168
0.389577269554138,0.478724598884583,9.86440563201904
0.314107090234756,0.327082008123398,9.94434547424316
0.0545032992959023,0.414323389530182,10.0575542449951
-0.101648084819317,0.470582664012909,9.80401039123535
0.158082783222198,0.325885981321335,9.86383247375488
0.100460737943649,0.568774461746216,9.86625099182129
0.0235652588307858,0.404178112745285,9.62753677368164
0.074100486934185,0.379045069217682,9.73650550842285
0.0894214957952499,0.590286254882813,10.0561599731445
0.257466733455658,0.390989929437637,9.8088321685791
0.365288555622101,0.39363619685173,9.64853763580322
0.601128995418549,0.419284284114838,10.0416259765625
0.553306221961975,0.380544066429138,10.017388343811
0.490051597356796,0.432239472866058,10.0517044067383
0.58535498380661,0.42172908782959,9.98736190795898
0.528306245803833,0.525027751922607,9.8340368270874
0.756328344345093,0.555018305778503,9.7684907913208
0.780282139778137,0.40971314907074,9.83787536621094
0.617734372615814,0.30062535405159,9.98019504547119
0.456431746482849,0.284168630838394,10.0895481109619
0.539948225021362,0.154804319143295,9.95932960510254
0.463564455509186,-0.0343156717717648,9.95602416992188
-0.19939498603344,0.244562849402428,10.0261783599854
-0.167306706309319,0.281166255474091,9.99724197387695
0.54780101776123,0.0509418025612831,9.93782806396484
0.547301054000854,0.0360262170433998,9.81207466125488
0.134589597582817,0.170041888952255,10.0083637237549
0.270275861024857,0.089744433760643,10.0084447860718
0.210710793733597,-0.073779970407486,9.6307373046875
0.16842870414257,0.0314590930938721,9.42784881591797
-0.0602077767252922,0.141940101981163,9.5272331237793
-0.289692163467407,0.166243657469749,9.70909881591797
-0.142079696059227,-0.0763538330793381,9.95069026947021
-0.380311071872711,0.0332901552319527,9.78833484649658
-0.454065203666687,0.1811164021492,9.58423233032227
-0.385387510061264,0.152731359004974,9.65062046051025
-0.247040987014771,0.10771931707859,9.79056167602539
-0.0996665954589844,-0.0345196723937988,10.230712890625
-0.175807058811188,-0.0188864171504974,10.265266418457
-0.153477072715759,0.00211379560641944,10.1750783920288
-0.111546956002712,0.0124506857246161,9.92189407348633
-0.362345099449158,0.122760228812695,9.92438220977783
-0.273665279150009,0.043489795178175,10.0414133071899
-0.0263432934880257,-0.0275710020214319,10.0745725631714
0.182020574808121,-0.0359709449112415,10.0001163482666
0.0648686140775681,-0.111955747008324,9.95113086700439
-0.0711559727787971,-0.0773983970284462,9.96725845336914
-0.392860293388367,0.139744341373444,10.3043766021729
-0.739706873893738,0.262907534837723,10.2168493270874
-0.44120991230011,0.192866176366806,9.81624603271484
0.229144215583801,-0.071417547762394,10.1085662841797
0.29441249370575,-0.0715081170201302,10.1063270568848
0.1988784968853,-0.0138298999518156,9.76617908477783
0.220875158905983,0.0796257555484772,9.96296787261963
0.11231903731823,0.131581798195839,10.1910085678101
0.0493394657969475,0.181652188301086,9.83924293518066
0.179112702608109,0.179929479956627,9.60173511505127
0.100621208548546,0.319599509239197,9.79412651062012
0.103714540600777,0.411434233188629,9.62775611877441
0.0678752437233925,0.249066799879074,9.13379096984863
0.27679431438446,0.116177186369896,9.56442356109619
0.388931065797806,0.239095196127892,9.88296031951904
0.413523375988007,0.141744360327721,9.76975631713867
0.332860469818115,0.168836161494255,10.1068363189697
0.412848889827728,0.16241455078125,9.99775123596191
0.428442120552063,0.133014902472496,9.70613288879395
0.491081148386002,0.092689260840416,9.95084571838379
0.430311411619186,0.156880035996437,10.0087203979492
0.402731835842133,0.154212772846222,9.79703044891357
0.314219027757645,0.221999391913414,10.0739974975586
0.163990288972855,0.292527556419373,9.84499931335449
0.109637558460236,0.274398118257523,9.74173164367676
0.150388121604919,0.291502267122269,9.92351245880127
0.0551902502775192,0.246342301368713,9.78727912902832
0.0290465168654919,0.335500121116638,9.70955848693848
0.171947538852692,0.232419356703758,9.56523323059082
0.26658633351326,0.238558858633041,9.54333114624023
0.187195405364037,0.245592251420021,9.5904483795166
0.534977197647095,0.19166012108326,9.926438331604
0.437607496976852,0.235102415084839,9.87374019622803
0.352360129356384,0.424580931663513,9.66824722290039
0.430655598640442,0.330518484115601,9.82046413421631
0.423355400562286,0.37055304646492,9.9505558013916
0.327769637107849,0.413446217775345,9.85324478149414
0.30897581577301,0.470199823379517,9.93622875213623
0.303635090589523,0.426635891199112,10.0131063461304
0.276818633079529,0.400959074497223,9.93830108642578
0.218552798032761,0.328716725111008,10.0267744064331
0.288621723651886,0.393772155046463,9.87693977355957
0.543839573860168,0.27777361869812,9.68862342834473
0.642963290214539,0.239289090037346,9.70559215545654
0.63289600610733,0.141772389411926,9.94712352752686
0.521362841129303,0.201982781291008,9.88821220397949
0.393799960613251,0.386284738779068,9.79543018341064
0.0410157851874828,0.229773491621017,9.69139289855957
0.378731310367584,0.320650160312653,9.71445274353027
0.301997542381287,0.382665753364563,9.87211894989014
0.208123669028282,0.448443323373795,9.98996925354004
0.17857600748539,0.459027230739594,9.79201984405518
0.236197501420975,0.462714672088623,9.77816581726074
0.552765369415283,0.225092381238937,10.1171283721924
0.452160090208054,0.187698125839233,10.1277675628662
0.343031346797943,0.251926153898239,9.85534286499023
0.238853260874748,0.201876223087311,9.93521499633789
0.419247567653656,0.164667278528214,9.91476440429688
0.207189470529556,0.205567866563797,9.59916591644287
0.640141665935516,0.317646980285645,9.90235042572021
0.4339739382267,0.222077786922455,10.0444183349609
0.352748155593872,0.324533700942993,9.86239433288574
0.0899112075567245,0.301618993282318,9.75587749481201
0.485959053039551,0.404682844877243,9.91372108459473
0.279103964567184,0.414992839097977,9.72537422180176
0.443479955196381,0.319080919027328,9.7622127532959
0.345393031835556,0.44342976808548,9.78908157348633
0.293544232845306,0.365270227193832,9.77375316619873
0.317682474851608,0.366505026817322,9.84878540039063
0.374453008174896,0.219356015324593,9.96177673339844
0.369568943977356,0.210727110505104,9.95708751678467
0.372710436582565,0.399841845035553,9.87528800964355
0.31234210729599,0.410715073347092,9.25714683532715
0.484709829092026,0.406052649021149,9.53280353546143
0.407157510519028,0.322953999042511,9.66177845001221
0.156546920537949,0.400810480117798,9.81948280334473
0.236164346337318,0.373338133096695,9.97884464263916
0.356629461050034,0.161644488573074,10.106255531311
0.432622969150543,0.11712172627449,10.095775604248
0.407791972160339,0.455958604812622,10.0567016601563
0.282504707574844,0.36271470785141,9.8794412612915
0.238372474908829,0.288989394903183,10.0489931106567
0.263535767793655,0.420159697532654,10.1354637145996
0.162472367286682,0.435187637805939,9.98083877563477
0.142478331923485,0.394840031862259,9.69418525695801
0.392898678779602,0.377532333135605,9.77665042877197
0.531588971614838,0.300424456596375,9.87311840057373
0.477386146783829,0.288334131240845,10.0863828659058
0.654444634914398,0.315174013376236,9.88833236694336
0.741750597953796,0.221562057733536,9.59877395629883
0.455815374851227,0.355961292982101,9.81741714477539
0.710723459720612,0.134273633360863,9.50087356567383
0.661368429660797,0.135883763432503,9.32405281066895
0.6491379737854,0.295513242483139,9.46315574645996
1.01054167747498,0.0524914003908634,9.59958076477051
0.764309763908386,0.0208033919334412,9.68868637084961
0.716208457946777,0.116264119744301,9.84435939788818
0.71001923084259,-0.025570260360837,9.69512176513672
0.650948882102966,0.0630541741847992,9.58140087127686
0.63073456287384,0.0835038721561432,9.68617057800293
0.439033001661301,0.198477745056152,9.50464820861816
0.173037230968475,0.253901422023773,9.57387733459473
-0.031795859336853,0.403515458106995,9.34504508972168
0.128587603569031,0.344120383262634,9.52849006652832
0.509675681591034,0.225581437349319,10.1811485290527
0.639976739883423,0.0112882275134325,10.0984020233154
0.724548697471619,-0.110198758542538,9.93775367736816
0.818056344985962,-0.241971522569656,9.8343391418457
1.22022259235382,-0.435117065906525,10.0958576202393
1.45465087890625,-0.503120899200439,10.3889217376709
1.55225670337677,-0.641733884811401,9.89666175842285
1.19104707241058,-0.693702518939972,9.74942302703857
1.11552023887634,-0.481263011693954,9.83632183074951
1.24189734458923,-0.697818994522095,9.67584037780762
1.15988206863403,-0.57015323638916,9.45545101165771
0.737687528133392,-0.341532111167908,9.54037761688232
0.441116273403168,-0.214012205600739,9.47681331634521
0.374702632427216,-0.147729843854904,9.48495101928711
0.53472912311554,-0.285806655883789,9.9748477935791
0.687114119529724,-0.407156944274902,9.97428321838379
0.649184286594391,-0.483202755451202,9.86592292785645
0.25590455532074,-0.323436379432678,9.83208084106445
0.291037529706955,-0.388869166374207,9.8895788192749
0.676624059677124,-0.549015760421753,9.7864351272583
0.608036816120148,-0.49812650680542,10.0888118743896
0.581634759902954,-0.729443967342377,9.86679077148438
0.847986042499542,-1.07703185081482,9.62706756591797
0.929076790809631,-1.05184578895569,9.90961074829102
0.95358794927597,-1.11459493637085,10.3164234161377
0.896331667900085,-0.949572324752808,10.4919576644897
0.487645119428635,-0.773690640926361,9.9797887802124
0.407118618488312,-0.585751891136169,9.55035591125488
0.355299949645996,-0.503956437110901,9.78619194030762
0.527705073356628,-0.543958723545074,10.1239595413208
0.544155061244965,-0.641061127185822,9.7559757232666
0.454648524522781,-0.534611284732819,9.97986602783203
0.493659377098083,-0.575935006141663,10.3424186706543
0.593863308429718,-0.787732064723969,10.1392889022827
0.658029019832611,-0.811930537223816,9.71284770965576
0.276956707239151,-0.664254009723663,9.56195068359375
0.268439829349518,-0.761993885040283,9.75895118713379
0.58041775226593,-0.901767134666443,9.73527908325195
0.625726461410522,-0.675115048885345,10.2877864837646
0.390008389949799,-0.517995953559875,10.3287010192871
0.399669826030731,-0.432285338640213,9.71921443939209
0.589525997638702,-0.47813692688942,9.75998497009277
0.828458189964294,-0.718009114265442,10.004506111145
0.926678895950317,-0.705096006393433,10.0550098419189
0.997263073921204,-0.476024299860001,10.0572566986084
0.945812940597534,-0.320659756660461,9.9955358505249
0.591456353664398,-0.0795293524861336,9.93212890625
0.77440345287323,0.0376320853829384,9.71840858459473
0.958586871623993,0.0291589386761189,9.5534496307373
0.816821992397308,0.164289906620979,9.73425674438477
0.975902438163757,-0.000942781567573547,9.55042552947998
0.874109148979187,0.044301051646471,9.04201316833496
0.0325348414480686,-0.00119422446005046,8.98193550109863
0.393450260162354,-0.184969842433929,9.65645790100098
0.567462146282196,-0.377665191888809,9.77406120300293
0.456035912036896,-0.427970618009567,9.93869400024414
0.0946432501077652,-0.391231060028076,10.1143856048584
0.461713671684265,-0.427682250738144,10.0779485702515
0.511969327926636,-0.595706880092621,10.0966482162476
0.427332997322083,-0.686863422393799,10.0819110870361
0.158585086464882,-0.702929079532623,9.67718505859375
0.468159019947052,-0.663810312747955,9.88862037658691
0.81108820438385,-0.693331778049469,10.2362079620361
0.962624669075012,-0.665033400058746,9.88129234313965
0.326187312602997,-0.315418183803558,10.0521144866943
0.278979331254959,-0.284945130348206,10.1898536682129
0.402716249227524,-0.307104885578156,10.1117305755615
0.550348877906799,-0.23280568420887,9.82846069335938
0.305365949869156,-0.131394103169441,9.8395938873291
0.384743481874466,-0.168293640017509,9.71933937072754
0.470170170068741,-0.120697632431984,9.7602653503418
0.495162487030029,0.0496388450264931,10.0484600067139
0.329297125339508,0.24296261370182,10.0889263153076
0.19535930454731,0.282940924167633,10.0334005355835
0.339430600404739,0.26476576924324,9.80305290222168
0.48223215341568,0.315855532884598,9.5505542755127
0.395868331193924,0.361212432384491,9.82046222686768
0.382000654935837,0.331009328365326,9.53699493408203
0.366675496101379,0.358295887708664,9.75473785400391
0.362720131874084,0.377535849809647,9.53000068664551
0.743276238441467,0.0420342534780502,9.5389289855957
0.555839836597443,0.0765003710985184,9.85047054290771
0.159429788589478,0.218015864491463,9.91534996032715
0.137845382094383,0.21371990442276,10.0631008148193
0.21392884850502,0.294706046581268,10.1329288482666
0.778873443603516,0.313090890645981,10.1682367324829
0.548128843307495,0.408690810203552,10.0596923828125
0.222995340824127,0.44548624753952,10.1768989562988
0.336968779563904,0.331837832927704,10.0115642547607
0.552523672580719,0.146994411945343,10.0742778778076
0.740505754947662,0.150035217404366,9.82580757141113
0.918414354324341,0.218113899230957,9.35932540893555
0.767960548400879,0.31484466791153,9.36342620849609
0.826089560985565,0.0541820861399174,9.70747756958008
0.913744688034058,0.086212120950222,10.3307952880859
0.736055016517639,0.314089298248291,10.0344791412354
0.890053451061249,0.233788326382637,9.93617534637451
0.786962032318115,0.343100041151047,10.3106632232666
0.728769183158875,0.33371913433075,10.6018962860107
0.571803450584412,0.565967381000519,10.007495880127
0.592817902565002,0.686725854873657,9.71318817138672
0.759127497673035,0.467853903770447,9.77325820922852
1.1180853843689,0.0956883877515793,9.8948221206665
0.79265958070755,0.284245610237122,9.49855804443359
0.546908259391785,0.676241636276245,9.78152847290039
0.804242312908173,0.424796640872955,9.78938293457031
1.17198765277863,0.244168192148209,9.88778018951416
1.01933670043945,0.390538901090622,9.90585899353027
0.686206102371216,0.210451185703278,9.9257755279541
0.523814499378204,0.363090842962265,9.71948528289795
0.925127029418945,0.2377739995718,9.71112155914307
0.793012619018555,0.325483709573746,9.47374725341797
0.727459132671356,0.256612747907639,9.23226356506348
1.14552962779999,0.112089321017265,9.72568702697754
1.02752339839935,0.00406060740351677,9.49267482757568
1.26026511192322,0.171957269310951,9.51819705963135
1.14001488685608,-0.0183376409113407,9.74704647064209
0.802014470100403,0.0960312783718109,10.4258289337158
0.729706764221191,0.0482485964894295,10.3586521148682
0.718166530132294,0.155784711241722,9.92898368835449
0.912596106529236,0.0967037752270699,9.73534774780273
0.868508100509644,0.128965497016907,10.2128829956055
1.06569468975067,0.239744395017624,10.0475025177002
1.37948048114777,0.0828887224197388,9.83608913421631
1.29637789726257,-0.12454691529274,9.87262535095215
0.895561754703522,0.092948853969574,9.91151332855225
0.848058998584747,0.0712366923689842,9.91205787658691
0.772639155387878,-0.0616298764944077,9.54658603668213
0.751155614852905,0.0442262031137943,9.76707458496094
0.55284059047699,0.0992729440331459,9.68566513061523
0.824399054050446,0.0943594127893448,9.68601226806641
0.915994882583618,0.0582494959235191,9.94157409667969
1.03162550926208,0.00555193796753883,10.041109085083
1.0298660993576,-0.0296076182276011,10.2044792175293
0.935940563678741,0.0683439821004868,9.95593166351318
0.932971954345703,0.0377851203083992,9.74339866638184
0.891520619392395,0.0312826186418533,9.88871288299561
0.785659074783325,0.119688972830772,10.0316009521484
0.700821280479431,0.121220722794533,9.72945117950439
0.603781521320343,0.145038068294525,9.56637477874756
0.832109451293945,0.0483129024505615,9.68107604980469
0.836553931236267,0.00816801656037569,9.81940937042236
0.986392974853516,-0.0395118892192841,9.62479591369629
0.804718375205994,0.154684215784073,9.70271110534668
0.550793707370758,0.106755673885345,9.90675449371338
0.710218608379364,0.063190296292305,9.6489086151123
0.847149193286896,0.113103769719601,9.54904842376709
0.910601794719696,0.158674478530884,9.86857604980469
0.581192672252655,0.338761568069458,9.91867160797119
0.489840537309647,0.287135869264603,9.56401634216309
0.407021522521973,0.298268526792526,9.62256622314453
0.528854727745056,0.25548130273819,9.95477294921875
0.547943830490112,0.305366277694702,9.89462471008301
0.589655578136444,0.322852790355682,9.95197868347168
0.464905112981796,0.244809985160828,10.1167306900024
0.437206298112869,0.225635439157486,10.1453771591187
0.503953695297241,0.124645218253136,10.1218032836914
0.422095894813538,0.184628859162331,10.0675525665283
0.214306443929672,0.253384828567505,9.75399971008301
0.2093425989151,0.231168121099472,9.66775321960449
0.482332527637482,0.143565163016319,9.8910026550293
0.647885322570801,0.0965446457266808,10.0198497772217
0.759800672531128,0.0292789321392775,10.2190284729004
0.610817313194275,-0.0120127191767097,10.1995906829834
0.734905898571014,0.0367335863411427,9.94667625427246
0.764019906520844,0.0220864526927471,10.1267528533936
0.645272135734558,0.0158409252762794,9.80193138122559
0.708065629005432,-0.0453425943851471,9.81062793731689
0.765525162220001,0.072509728372097,9.8405647277832
0.779304802417755,0.0983027815818787,10.0005521774292
0.67138147354126,0.109070271253586,9.9360179901123
0.719932854175568,0.00319358427077532,9.57707977294922
0.812348484992981,0.0587935633957386,9.58585453033447
0.998858213424683,0.124213367700577,9.71188163757324
0.710744678974152,-0.180338457226753,10.0410232543945
0.880689978599548,-0.112483941018581,9.84763717651367
0.949109792709351,-0.280028283596039,10.0143899917603
0.740395784378052,-0.109213806688786,9.89176177978516
0.323816359043121,0.164415210485458,9.2703161239624
0.715917944908142,0.00366455456241965,9.54956817626953
0.844598174095154,-0.0518594533205032,9.81512069702148
0.736198782920837,0.0674285143613815,9.54247093200684
0.886270880699158,0.139158457517624,9.56142425537109
0.545854687690735,0.227136492729187,9.74437046051025
0.562105059623718,0.294489622116089,9.98845958709717
0.715415418148041,0.096985325217247,10.2778186798096
0.518957257270813,0.333792358636856,9.84854698181152
0.283650159835815,0.402395248413086,9.41311740875244
0.550722599029541,0.328332662582397,10.1940107345581
0.491079390048981,0.500925004482269,9.84087753295898
0.415315479040146,0.548948287963867,9.73714256286621
0.804211914539337,0.265399515628815,10.2004013061523
0.709968090057373,0.357798099517822,10.0888624191284
0.720036029815674,0.345223426818848,10.1563100814819
0.682727932929993,0.0360490381717682,9.82356357574463
0.727644443511963,0.27274414896965,9.70014381408691
0.716977834701538,0.0508159883320332,9.91546249389648
0.633292019367218,0.312415271997452,9.93936920166016
0.372319012880325,0.367373466491699,9.68220520019531
0.259791612625122,0.323980778455734,9.96142959594727
0.385254204273224,0.335255324840546,9.86436939239502
0.227044209837914,0.38926887512207,9.87805938720703
-5.41843473911285e-05,0.268921911716461,10.1593999862671
0.339891672134399,0.111105561256409,10.0003070831299
0.30365589261055,0.307187348604202,9.64074325561523
0.407873690128326,0.213076055049896,9.97825717926025
0.486167073249817,0.19696632027626,10.2914762496948
0.281437247991562,0.43953999876976,9.63539886474609
0.356528431177139,0.455463469028473,9.36286544799805
0.795644819736481,0.423370063304901,9.86285591125488
1.23606824874878,0.393537402153015,9.85319995880127
0.63262528181076,0.342698931694031,9.54221153259277
0.733404517173767,0.264449059963226,10.0194177627563
0.53943145275116,0.225638061761856,10.1254472732544
0.6484295129776,0.499750643968582,9.7310037612915
0.421944379806519,0.573354721069336,9.21461009979248
0.595647633075714,0.705333292484283,9.58923625946045
0.554591596126556,0.624095916748047,9.51505470275879
0.448636054992676,0.719533026218414,9.60243606567383
0.721796691417694,0.529899775981903,10.0032482147217
0.947271704673767,0.509696006774902,10.2510652542114
0.99877393245697,0.694233596324921,9.74469375610352
0.763767302036285,0.669938564300537,9.4967155456543
0.839100539684296,0.752755761146545,10.038501739502
0.777642428874969,0.883595049381256,9.880202293396
0.593027889728546,1.02497720718384,9.31118965148926
0.506543755531311,1.07233285903931,9.56084156036377
0.539560377597809,1.08608412742615,9.89756488800049
0.643917322158813,1.38405895233154,9.67246246337891
0.347045958042145,1.11314678192139,9.59309196472168
0.399257749319077,1.14343523979187,9.59157848358154
0.678520202636719,1.03716444969177,9.55302810668945
0.727566123008728,0.969147682189941,9.30539989471436
0.649055957794189,0.838208675384521,9.61991119384766
0.878503322601318,0.930482029914856,9.89037990570068
0.852375566959381,0.935206055641174,9.69866561889648
0.733222544193268,0.84493887424469,9.75915431976318
0.402739346027374,0.850713849067688,9.96424770355225
0.167167469859123,1.05488908290863,9.91047477722168
0.273222684860229,0.980468511581421,9.43564891815186
0.572812497615814,0.911267280578613,9.39378833770752
0.953397274017334,0.709042549133301,10.0201606750488
0.890767335891724,0.683044612407684,10.3377847671509
1.00286436080933,0.558365345001221,10.0492095947266
0.994078636169434,0.715332508087158,9.81219863891602
0.850641250610352,0.708209753036499,9.85157299041748
0.680164813995361,0.617355108261108,9.93805980682373
0.425529062747955,0.717181205749512,9.68572807312012
0.407779008150101,0.57865697145462,9.84965896606445
0.530680060386658,0.318855881690979,9.74883842468262
0.546231925487518,0.338788211345673,9.99548625946045
0.364132702350616,0.401433229446411,10.3313760757446
-0.0317246913909912,0.545583188533783,10.2784233093262
-0.01832658611238,0.350530296564102,10.0083141326904
0.228160113096237,0.4350905418396,10.0223293304443
0.278355270624161,0.410117268562317,9.64012050628662
0.256518870592117,0.47122460603714,9.70991897583008
0.08155507594347,0.478305697441101,9.87392997741699
-0.0126737160608172,0.464539527893066,9.3533239364624
0.00584944244474173,0.54460346698761,9.57418823242188
0.333993524312973,0.460459321737289,9.94626140594482
0.458687037229538,0.100654661655426,9.78588199615479
0.649941980838776,0.19545117020607,9.83113765716553
0.625649631023407,0.239151448011398,9.59585189819336
0.278374433517456,0.305937349796295,9.54780864715576
0.338227987289429,0.112667620182037,9.44107341766357
0.634833097457886,0.116772584617138,9.59708976745605
0.430115699768066,0.475052386522293,9.69681549072266
0.269093453884125,0.697050333023071,9.43971538543701
0.380868136882782,0.565378189086914,9.37870216369629
1.03184580802917,-0.276646852493286,10.0310506820679
1.23725533485413,-0.681719064712524,10.3771476745605
0.774967789649963,-0.725892543792725,9.87319660186768
0.624330461025238,-0.68856155872345,9.73894786834717
0.953553378582001,-0.688671290874481,10.2604131698608
1.3820389509201,-0.822860181331635,10.3835344314575
1.15709912776947,-0.687444984912872,9.91495037078857
0.559005856513977,-0.369639039039612,9.99199295043945
0.566183805465698,-0.237069979310036,10.0341901779175
0.86043119430542,-0.515305161476135,10.3475027084351
1.16178774833679,-0.568794071674347,10.0218801498413
0.853631019592285,-0.251594871282578,9.96654796600342
0.631747245788574,-0.123058974742889,9.49567985534668
0.526780545711517,0.102339640259743,9.6826229095459
0.755337834358215,-0.189931660890579,9.97947788238525
0.949120998382568,-0.317358165979385,9.80820846557617
1.34441018104553,-0.508523881435394,9.76111221313477
1.08146476745605,-0.497237235307693,9.72904872894287
0.578088998794556,-0.247928500175476,9.79329586029053
0.406567603349686,-0.0447466410696507,9.79045104980469
0.79866886138916,-0.0945321917533875,9.47259521484375
0.913676023483276,0.442828059196472,9.08567142486572
0.399677962064743,0.0555229224264622,9.55259132385254
1.20916831493378,-0.447109222412109,9.70559692382813
1.30913186073303,-0.240933358669281,10.6466045379639
0.758485853672028,-0.715477287769318,9.92311096191406
0.773815989494324,-0.669084191322327,9.03886318206787
0.740640699863434,-0.498367488384247,9.52832984924316
0.753345310688019,-0.531918406486511,10.3380327224731
1.41454565525055,-0.893321752548218,9.90127849578857
1.08463001251221,-0.60828173160553,9.52742195129395
0.776579082012177,-0.0302825905382633,10.1767873764038
1.44413638114929,-0.61448723077774,9.67858219146729
1.34455215930939,-0.224617078900337,9.44294929504395
0.81032407283783,0.140654325485229,9.92307662963867
1.03235387802124,-0.0367113016545773,9.65852069854736
1.03945565223694,0.0192968100309372,9.41281223297119
0.83147794008255,0.241510018706322,10.0793561935425
0.819419026374817,0.178076207637787,10.2625207901001
0.896606862545013,-0.0766714960336685,9.56470584869385
0.747629284858704,0.136137560009956,9.80408763885498
0.765824198722839,0.125642389059067,10.2518148422241
0.995076894760132,0.0757494941353798,9.83878421783447
0.808477103710175,-0.0199700221419334,9.83720111846924
0.534815192222595,-0.0556056350469589,10.2220897674561
0.893212676048279,0.00303962361067533,9.93448448181152
0.589353203773499,0.370768964290619,9.52302837371826
0.326391726732254,0.0972636267542839,9.4335880279541
0.542142271995544,0.120833955705166,9.40481472015381
0.414996773004532,0.275098204612732,9.47086524963379
0.185630947351456,0.344690084457397,9.34067535400391
0.577522158622742,0.0792839974164963,10.1682434082031
0.941814601421356,0.0615111403167248,10.15358543396
0.625876426696777,0.442426830530167,10.0847883224487
0.204955354332924,0.541906714439392,10.2710151672363
-0.0396307148039341,0.470244824886322,10.6278133392334
0.0798147469758987,0.652554214000702,10.5766248703003
0.0168557669967413,1.00566184520721,10.0081834793091
-0.042120523750782,0.904444992542267,9.79431438446045
0.372736304998398,0.655920505523682,9.98929595947266
0.665802240371704,0.330636888742447,10.2777967453003
0.508823752403259,0.697376430034637,9.65887928009033
0.482784628868103,0.589799344539642,9.30341815948486
0.481561362743378,0.129471153020859,9.70033550262451
0.166415423154831,0.443840742111206,10.3970413208008
0.17623171210289,0.669405937194824,10.1975841522217
0.581167221069336,0.688816010951996,9.84172630310059
0.947733283042908,0.64092493057251,9.66847705841064
0.484596371650696,0.86289381980896,10.4536895751953
0.312820076942444,0.990314900875092,10.5543994903564
0.438962817192078,1.10782992839813,10.3047370910645
0.866546154022217,0.984590172767639,9.88172149658203
0.912892997264862,0.87413215637207,9.85644721984863
0.70922189950943,0.982839226722717,10.2540159225464
0.328767389059067,0.961141109466553,10.2459144592285
0.427756071090698,1.06955146789551,9.88050937652588
0.66875946521759,1.02967822551727,9.63346290588379
0.623720526695251,1.00762856006622,9.52869319915771
0.682209134101868,1.00931906700134,9.46086311340332
0.662025153636932,0.995290517807007,9.8567943572998
0.584491014480591,1.09278905391693,9.75817394256592
0.552777826786041,0.994457483291626,9.87788772583008
0.563674330711365,1.08902859687805,9.36712455749512
0.915979325771332,0.961544513702393,9.30793762207031
0.786307156085968,0.949700713157654,9.35345935821533
0.827674925327301,1.0962450504303,9.14395713806152
0.808245301246643,1.29968476295471,9.48062801361084
0.798279762268066,0.998234868049622,9.56209087371826
0.797504127025604,1.02955961227417,9.76654815673828
1.04105091094971,1.06785023212433,9.59939002990723
0.564576208591461,0.959282100200653,9.37461185455322
0.606364548206329,1.11996340751648,9.90640830993652
0.622081279754639,1.1776864528656,9.90961265563965
1.01516962051392,0.889399766921997,9.51884841918945
0.88666445016861,0.98033195734024,9.68111610412598
0.777585566043854,1.10656905174255,9.74222564697266
0.988975167274475,0.766361117362976,9.50887680053711
0.953512787818909,0.761672258377075,9.71207809448242
0.803241312503815,0.897398889064789,10.0316953659058
0.64250260591507,0.799432396888733,9.82085704803467
0.592254996299744,0.636692881584167,9.61901187896729
0.735339999198914,0.444533228874207,9.96510696411133
0.429432928562164,0.702659487724304,10.3382024765015
0.379266679286957,0.669463992118835,10.193229675293
0.529923856258392,0.598754644393921,9.92734909057617
0.433699101209641,0.515878260135651,9.94160461425781
0.516799926757813,0.356431066989899,9.84552669525146
0.556387603282928,0.536117851734161,9.97720527648926
0.625740706920624,0.368063658475876,9.95093154907227
0.761276543140411,0.318802952766418,9.89582443237305
0.693718552589417,0.33134326338768,9.91137981414795
0.582124412059784,0.395262241363525,10.108211517334
0.545172095298767,0.211355939507484,9.98984146118164
0.386743366718292,0.231453731656075,10.0218505859375
0.45967310667038,0.272721290588379,9.85240268707275
0.363127648830414,0.551783919334412,9.71417236328125
0.576231062412262,0.430727809667587,9.70772647857666
0.640807747840881,0.398733794689178,9.82692623138428
0.55036473274231,0.603317618370056,9.8617115020752
0.729696989059448,0.445389032363892,9.82107734680176
0.541986465454102,0.70574164390564,9.61441040039063
0.528316557407379,0.586828172206879,9.4161376953125
0.763591408729553,0.630163192749023,9.4771146774292
0.806792140007019,0.534500002861023,9.8289909362793
0.481157809495926,0.637746274471283,9.71389293670654
0.661454737186432,0.352856934070587,9.66981029510498
0.781182885169983,0.0401078686118126,9.85757637023926
0.869806289672852,0.238530367612839,10.0143241882324
0.648915529251099,0.0302584283053875,9.83241844177246
0.536430060863495,0.0687025040388107,9.74449920654297
0.499600648880005,0.0812771394848824,9.72320079803467
0.531305193901062,0.0938351824879646,9.97001075744629
0.240436062216759,0.0857262536883354,9.73849201202393
0.158608242869377,0.0805713757872581,9.96743392944336
0.24089851975441,0.0190913826227188,9.88767433166504
0.0709186866879463,0.123208150267601,10.1359453201294
-0.0663219392299652,0.0394955426454544,10.2070970535278
-0.248165935277939,0.163465291261673,10.2111587524414
0.0122960843145847,-0.0209987182170153,10.3095321655273
0.0154808592051268,-0.0373940393328667,10.4677276611328
-0.0680051818490028,0.0811826884746552,10.172700881958
0.368154525756836,-0.196522295475006,10.3179607391357
0.376414835453033,-0.228241264820099,10.3276224136353
0.596123456954956,-0.095083512365818,10.1690397262573
1.1117604970932,-0.500081419944763,10.139741897583
0.918527364730835,-0.339545726776123,10.307933807373
0.564886271953583,-0.0946550071239471,10.2683095932007
0.723797678947449,-0.175379812717438,10.1417188644409
0.545365452766418,-0.100080579519272,10.1745262145996
0.376643538475037,0.0146209290251136,10.2625951766968
0.247366726398468,-0.0130724413320422,9.74847030639648
0.339987516403198,-0.0400601103901863,9.6557149887085
0.768515408039093,-0.201433047652245,9.85671234130859
0.560848712921143,-0.0791366919875145,9.45332717895508
0.224752843379974,0.0219810549169779,9.11972236633301
0.635693430900574,0.0627335980534554,9.69971942901611
0.658701539039612,0.0260607413947582,9.77908515930176
0.540637195110321,-0.0491770058870316,9.36097526550293
0.492526650428772,-0.110417187213898,9.42268180847168
0.429412990808487,-0.0887626931071281,9.63629913330078
0.682576596736908,-0.0545912086963654,9.60066795349121
0.655358076095581,-0.18865105509758,9.33237648010254
0.397032171487808,-0.0382255204021931,9.54460048675537
0.5555419921875,0.108586221933365,9.32840633392334
0.706456422805786,-0.0602413937449455,9.37298965454102
0.950995326042175,-0.264159560203552,10.1476669311523
0.953372716903687,-0.122604198753834,10.0047912597656
0.812849819660187,-0.177275285124779,9.89858055114746
1.00202822685242,-0.383971303701401,10.2597513198853
0.885292589664459,-0.166339755058289,9.79135990142822
0.635726809501648,-0.120609685778618,9.45695972442627
0.624016463756561,-0.0713855251669884,9.660325050354
0.657747149467468,-0.00834710337221622,9.67697620391846
0.946273624897003,-0.0175637304782867,9.72411346435547
0.539998710155487,-0.240767747163773,9.74323463439941
0.928360342979431,-0.381361305713654,10.5026350021362
0.900407671928406,-0.350931942462921,10.4933290481567
0.267084658145905,-0.392002820968628,10.1066493988037
0.487658590078354,-0.426370024681091,10.0059452056885
0.763757586479187,-0.37723034620285,9.85815525054932
0.276367396116257,-0.178757905960083,9.61898517608643
-0.00387989822775126,-0.238918036222458,9.69331932067871
-0.0212786942720413,-0.0935852229595184,9.6375560760498
0.231146648526192,-0.0878658443689346,9.65031242370605
0.159675538539886,-0.308337688446045,10.041597366333
0.0786780267953873,-0.242049649357796,10.1376028060913
0.00589532498270273,0.000192895618965849,10.0145702362061
0.0119863357394934,-0.168902844190598,9.81926918029785
-0.0251591801643372,-0.248523741960526,9.9278621673584
0.200149804353714,-0.156428813934326,10.0604696273804
0.10437373071909,-0.0794363617897034,9.62269306182861
-0.0988432392477989,-0.204907223582268,9.81327056884766
-0.165813714265823,-0.136354133486748,10.1944694519043
-0.17958876490593,-0.00504541862756014,10.0480327606201
-0.525697946548462,0.173737362027168,9.68489456176758
-0.518745720386505,0.10156337916851,9.89530467987061
-0.267972826957703,-0.0168697200715542,10.2140893936157
-0.0495400093495846,0.0809692814946175,9.72796535491943
0.239630907773972,-0.135899275541306,9.58947563171387
0.332775115966797,-0.32715517282486,9.92701244354248
0.045192863792181,-0.0817800164222717,10.0378150939941
0.127590328454971,0.175723403692245,9.69438648223877
0.300815850496292,0.206899926066399,9.35383415222168
-0.0970938503742218,0.244543582201004,9.63628578186035
0.00914131104946136,0.290304243564606,10.0835952758789
0.0438431464135647,0.419444233179092,10.2258205413818
-0.103789687156677,0.438833236694336,9.86269760131836
0.192467197775841,0.140941277146339,9.70290756225586
0.462940543889999,0.24328550696373,9.76508903503418
0.276856184005737,0.270689100027084,9.55883121490479
0.29398787021637,0.303623855113983,9.22334098815918
0.359961658716202,0.210863545536995,9.16063022613525
0.640192627906799,0.103334382176399,9.61897754669189
0.720409750938416,0.0353670306503773,9.59416389465332
0.700715899467468,0.0014454236952588,9.32930850982666
0.985299468040466,-0.270123451948166,9.66988563537598
1.08966016769409,-0.525683641433716,9.86857795715332
1.5557804107666,-0.457065939903259,10.6086845397949
0.974949538707733,-0.448924601078033,10.3188104629517
0.767311632633209,-0.557933688163757,9.35637283325195
1.07267367839813,-0.645897030830383,9.64579010009766
1.36571979522705,-0.813110411167145,10.2288675308228
1.14992547035217,-0.745068550109863,10.1310596466064
0.620865285396576,-0.595017194747925,9.73639488220215
0.61592310667038,-0.700270056724548,9.74822998046875
0.874280750751495,-0.682228803634644,9.94898891448975
0.847504556179047,-0.610993385314941,9.99881076812744
0.832158863544464,-0.798367738723755,9.67432594299316
0.963922500610352,-0.747323513031006,9.64057159423828
0.909696698188782,-0.599483370780945,10.0512838363647
0.896973192691803,-0.645770251750946,10.1299133300781
0.664916813373566,-0.581849694252014,9.5186071395874
0.53429102897644,-0.606808185577393,9.6381778717041
0.779027938842773,-0.514292359352112,10.5527458190918
1.05508852005005,-0.700643718242645,10.1581802368164
0.846623957157135,-0.473563313484192,9.47046852111816
0.271582096815109,-0.100842818617821,9.82723522186279
0.499758183956146,-0.356466501951218,9.77500915527344
0.98113214969635,-0.435221701860428,9.55475902557373
0.813045024871826,-0.347360640764236,9.67666339874268
0.83407735824585,-0.685214221477509,9.63038539886475
1.30158710479736,-1.00280117988586,9.24964141845703
1.15210711956024,-0.743016600608826,9.59028148651123
0.67241895198822,-0.642483472824097,9.8245849609375
0.777672410011292,-0.870046198368073,9.80571937561035
1.10556793212891,-1.17760968208313,9.49445533752441
1.22501683235168,-0.977132797241211,10.3022022247314
0.797812819480896,-1.02230334281921,10.5743179321289
0.820500254631042,-1.18622779846191,9.93027210235596
0.751261353492737,-1.17825436592102,9.77500629425049
0.55433177947998,-1.2122710943222,9.86849880218506
0.400730729103088,-0.989319801330566,9.99888038635254
0.433988034725189,-0.99874746799469,9.59169006347656
0.550019323825836,-0.962534666061401,9.47238349914551
0.576315343379974,-0.930111587047577,9.84469413757324
0.65447211265564,-0.922304034233093,9.97870922088623
0.455206394195557,-0.845629751682281,10.0117177963257
0.474714040756226,-0.684043169021606,9.91699123382568
0.343812167644501,-0.456200301647186,9.83192825317383
