0.00754388701170683,0.00422969087958336,0.0165004376322031
-0.00658863084390759,-0.00303021352738142,0.0212874300777912
0.0184020046144724,0.0176184382289648,0.0459683835506439
-0.00584112573415041,0.0334938354790211,0.0142021793872118
-0.0395583175122738,2.59624794125557e-05,0.0242934171110392
-0.030366338789463,-0.00910923443734646,0.0436029322445393
-0.0179962776601315,-0.0016410406678915,0.0406865812838078
-0.0446824990212917,0.00164726469665766,0.0412392094731331
-0.0255603902041912,-0.00985557213425636,0.0291375108063221
0.0124077368527651,0.00706402771174908,0.0395948067307472
-0.00771752838045359,0.0086142485961318,0.0601091086864471
0.00570877641439438,0.016720911487937,0.0713133588433266
0.00264589791186154,0.0106924846768379,0.0530449077486992
-0.0231998469680548,-0.0044614439830184,0.0630515068769455
-0.0220856331288815,-0.0199686102569103,0.075579971075058
0.00345950247719884,-0.0146911647170782,0.0730906203389168
0.0072947209700942,-0.0192338414490223,0.0862698554992676
-0.0260016731917858,-0.022530410438776,0.12528783082962
-0.0432746857404709,-0.0357502214610577,0.13580858707428
-0.0450032576918602,-0.0426123179495335,0.158143982291222
-0.0594857409596443,-0.0422553345561028,0.182604506611824
-0.058579109609127,-0.0411195605993271,0.191390752792358
-0.0644356608390808,-0.0470537394285202,0.220821678638458
-0.0985893979668617,-0.100830093026161,0.198559254407883
-0.067202016711235,-0.0762632191181183,0.219839930534363
-0.0517589710652828,-0.0657389089465141,0.235492259263992
-0.0450671538710594,-0.0946095362305641,0.213281154632568
-0.0208350941538811,-0.0598758980631828,0.24600712954998
-0.0316867008805275,-0.0379566848278046,0.248018503189087
-0.0490259379148483,-0.0810500830411911,0.245183646678925
-0.0629311800003052,-0.0993992984294891,0.286746948957443
-0.0399001687765121,-0.0873044282197952,0.314427256584167
-0.0357001237571239,-0.0833634734153748,0.29557853937149
-0.0264476668089628,-0.0991211086511612,0.263073980808258
-0.0166604816913605,-0.0861359909176826,0.261946052312851
-0.0354331135749817,-0.0680940821766853,0.287453860044479
-0.0680441707372665,-0.0609689950942993,0.256237059831619
-0.0517515800893307,-0.0731651782989502,0.267338424921036
-0.0437363125383854,-0.0623696930706501,0.28306519985199
-0.088364452123642,-0.0383223965764046,0.275334984064102
-0.0470651313662529,-0.0400971360504627,0.265557408332825
-0.0456589609384537,-0.0581098645925522,0.238302960991859
-0.0865374282002449,-0.0598693490028381,0.228817030787468
-0.0669446438550949,-0.0870627462863922,0.232668608427048
-0.0977768376469612,-0.0616012737154961,0.224999666213989
-0.0995162427425385,-0.0857792645692825,0.14394699037075
-0.0768537074327469,-0.0516315698623657,0.129908338189125
-0.0429169125854969,0.00449368450790644,0.168673366308212
-0.050215907394886,0.0206426009535789,0.150477334856987
-0.0352271310985088,0.0164942797273397,0.111896835267544
0.00595143530517817,0.0401798449456692,0.077737458050251
-0.079606868326664,0.0237984508275986,0.10865817964077
-0.127228513360023,-0.00108261313289404,0.0830002129077911
-0.0526471436023712,0.0224938858300447,0.0433762073516846
-0.0263936519622803,0.0503448471426964,0.00357777625322342
-0.072862446308136,0.00325979571789503,-0.0192116089165211
-0.0095090065151453,-0.0147070605307817,0.00402523390948772
0.0386161506175995,0.0472340136766434,-0.0424090027809143
0.012435594573617,0.0215848721563816,-0.0827776789665222
0.0780108347535133,0.0983389765024185,-0.0380373522639275
0.0904776901006699,0.153019994497299,-0.0343306437134743
0.0939818173646927,0.104749634861946,-0.121619634330273
0.123128987848759,0.0987172350287437,-0.165109023451805
0.0894067585468292,0.0539407022297382,-0.159042462706566
0.0985112115740776,0.0110206631943583,-0.133136034011841
0.0735806226730347,-0.00404635351151228,-0.15115387737751
0.0954712927341461,-0.0189625453203917,-0.178106933832169
0.0803487449884415,0.0220220908522606,-0.195480316877365
-0.0189034696668386,0.00491947587579489,-0.226749643683434
-0.0657227709889412,-0.00516030099242926,-0.207012236118317
0.038998655974865,0.0309599675238132,-0.1775291711092
0.071332149207592,-0.0614378377795219,-0.214236542582512
-0.122991189360619,-0.116331249475479,-0.245405286550522
0.000736929243430495,0.00702888984233141,-0.18020498752594
0.0381700247526169,0.0297530610114336,-0.236457914113998
-0.0429708510637283,-0.0806859135627747,-0.298645198345184
-0.0916159674525261,-0.143319666385651,-0.296250700950623
-0.112223580479622,-0.0789741352200508,-0.244449645280838
-0.00477690109983087,0.0375133082270622,-0.222599714994431
0.0474483780562878,0.0244460590183735,-0.251816987991333
-0.0462437383830547,-0.142546102404594,-0.319652557373047
-0.116223938763142,-0.334080338478088,-0.345053255558014
0.00461168307811022,-0.202090948820114,-0.294379502534866
0.0945151671767235,-0.0959479659795761,-0.306702733039856
0.00174893881194293,-0.224576473236084,-0.431221842765808
0.0125409485772252,-0.274776667356491,-0.376379072666168
0.0966356620192528,-0.101128309965134,-0.292539864778519
0.0144522348418832,-0.12871789932251,-0.381284594535828
-0.142258197069168,-0.228365018963814,-0.438518404960632
-0.163844853639603,-0.141816914081573,-0.306296557188034
0.00609929859638214,-0.0577401332557201,-0.322392910718918
-0.0485302917659283,-0.0629555135965347,-0.34849014878273
-0.0718763619661331,-0.14125195145607,-0.317383140325546
0.0119237639009953,-0.0425376147031784,-0.304642170667648
-0.0497370697557926,-0.07201137393713,-0.344523102045059
-0.0958613306283951,-0.127148970961571,-0.276444226503372
-0.0365721136331558,-0.0985627993941307,-0.306962013244629
-0.0394591204822063,-0.0565436854958534,-0.367336750030518
-0.0429399460554123,-0.139692097902298,-0.339673757553101
0.0752947404980659,-0.10806792229414,-0.310753911733627
0.00212708720937371,-0.132842570543289,-0.308924227952957
0.0679300427436829,0.0156669467687607,-0.341183394193649
0.154816851019859,0.145142495632172,-0.363823533058167
0.125417143106461,0.130466505885124,-0.387807488441467
0.177556559443474,0.122248373925686,-0.366278648376465
-0.0161651559174061,0.0901042744517326,-0.458843857049942
-0.0600476153194904,0.0744683668017387,-0.496082544326782
0.0541673637926579,0.101469956338406,-0.503899931907654
0.0586740747094154,0.0721658319234848,-0.506967782974243
-0.0615552291274071,-0.154905393719673,-0.453647673130035
-0.124094434082508,-0.145018726587296,-0.445095658302307
-0.093635082244873,-0.15683676302433,-0.454731285572052
-0.0381015911698341,-0.249803468585014,-0.434074938297272
0.00994241703301668,-0.313852310180664,-0.366039842367172
0.0309462379664183,-0.297345161437988,-0.361275911331177
0.0402209274470806,-0.231433063745499,-0.366729408502579
-0.0212399121373892,-0.228610634803772,-0.372248262166977
-0.0110034365206957,-0.25674432516098,-0.317444711923599
0.0318996459245682,-0.151900708675385,-0.30953648686409
0.0459359772503376,-0.115234725177288,-0.313276320695877
0.0301345754414797,-0.103679426014423,-0.307327747344971
0.0670152455568314,-0.0364954955875874,-0.287630587816238
0.11284513771534,0.0304324924945831,-0.316559612751007
0.0744754001498222,-0.00540578458458185,-0.309838265180588
0.104626797139645,0.00395167339593172,-0.276992589235306
0.107446014881134,0.0310738794505596,-0.254523545503616
0.112493485212326,0.0251516420394182,-0.247738555073738
0.0785907432436943,-0.0151847396045923,-0.2838074862957
-0.0119821885600686,-0.0589515045285225,-0.263765007257462
-0.0297814887017012,-0.0765557736158371,-0.239466682076454
-0.0338855907320976,-0.0284530352801085,-0.299461126327515
-0.0472141169011593,-0.0628728419542313,-0.308036684989929
0.00597174325957894,-0.0466799847781658,-0.327009975910187
0.0457491837441921,-0.0236172843724489,-0.355989634990692
0.00444558169692755,-0.0509014874696732,-0.328005820512772
0.038089707493782,-0.0732691287994385,-0.295386433601379
0.0882688164710999,-0.014716811478138,-0.311599940061569
0.0714010968804359,0.0373766422271729,-0.337922811508179
0.0629425495862961,0.0381030365824699,-0.334252148866653
-0.121664360165596,-0.0083785280585289,-0.277408868074417
-0.275093555450439,-0.0613435879349709,-0.229298636317253
-0.251177221536636,-0.121992118656635,-0.258939653635025
-0.11984795331955,-0.127414584159851,-0.281469732522964
-0.0581749491393566,-0.0976548492908478,-0.309967368841171
-0.0299092344939709,-0.0573608949780464,-0.315017521381378
0.040949746966362,1.66958197951317e-05,-0.320210754871368
0.0603480041027069,0.0828070119023323,-0.348602503538132
0.0760991349816322,0.0928800404071808,-0.318326652050018
0.0348969623446465,0.0704606473445892,-0.236571878194809
-0.0360777750611305,0.0273513160645962,-0.225562751293182
-0.0748160853981972,-0.0344858728349209,-0.206324681639671
-0.0966943576931953,-0.104156546294689,-0.205116271972656
-0.00518731772899628,-0.0907936170697212,-0.214738041162491
0.00476612895727158,-0.0586139746010303,-0.226789504289627
0.0294447094202042,-0.0266086421906948,-0.252078413963318
0.0476925782859325,0.0159048996865749,-0.260731220245361
0.024085883051157,0.0242262724786997,-0.233216300606728
0.0150940371677279,-0.00454715359956026,-0.201681792736053
0.0360929258167744,0.0343823730945587,-0.21672897040844
0.0287611037492752,0.0233018510043621,-0.177031561732292
0.00216880580410361,-0.029615081846714,-0.14764766395092
-0.0336627066135406,-0.0621025189757347,-0.160069853067398
-0.0152577226981521,-0.0643483996391296,-0.137594506144524
0.019762109965086,-0.0701059699058533,-0.165100425481796
0.0411092862486839,-0.032894279807806,-0.161557778716087
0.0314346477389336,0.00904766656458378,-0.127260074019432
-0.0242227129638195,0.00249740853905678,-0.140891581773758
-0.0678431987762451,-0.0173674784600735,-0.13281537592411
-0.0807572901248932,-0.0510091483592987,-0.145912811160088
0.00135035207495093,-0.0447506941854954,-0.132711991667747
0.00764520931988955,-0.0525819212198257,-0.0998992919921875
-0.0194816179573536,-0.0755180343985558,-0.0710437595844269
0.00237371702678502,-0.0448772870004177,-0.0731453746557236
0.00559269031509757,-0.0232957564294338,-0.090136393904686
-0.00499337771907449,-0.0101024052128196,-0.0808441415429115
-0.0282132998108864,-0.0252375639975071,-0.0569818578660488
-0.0257056560367346,-0.0321794636547565,-0.0534074045717716
-0.0266777817159891,-0.0605830922722816,-0.0480812415480614
-0.0397624485194683,-0.0764603093266487,-0.0400098264217377
-0.0416979379951954,-0.0925510078668594,-0.0248950365930796
0.0340762659907341,-0.0602903589606285,-0.0379013046622276
0.0980454161763191,-0.0427487418055534,-0.0212858077138662
0.0939077958464622,-0.0224004909396172,0.0111790867522359
0.0947302728891373,0.00405558105558157,0.0419274270534515
0.0869073197245598,0.0232665985822678,0.0578180924057961
0.0168029591441154,-0.021953409537673,0.108217865228653
-0.0517635159194469,-0.0724715441465378,0.114585600793362
0.012544646859169,-0.0682813227176666,0.109644405543804
0.0359841100871563,-0.0702750235795975,0.11760887503624
-0.0255379229784012,-0.102462068200111,0.128337755799294
0.0770422667264938,-0.0764447972178459,0.0548021346330643
0.125213742256165,0.000409491360187531,0.0502458363771439
0.0999844893813133,0.00264382548630238,0.0606875121593475
0.0492084100842476,-0.0496625937521458,0.0904490202665329
0.0926132127642632,-0.0297587364912033,0.100887507200241
0.0708458945155144,-0.0334864370524883,0.0492878258228302
0.031387060880661,-0.0590800978243351,0.0877280607819557
0.00883657485246658,-0.0570864416658878,0.0974408835172653
0.0126536190509796,-0.0803001597523689,0.0943501740694046
0.0282512828707695,-0.0767289474606514,0.0987282395362854
0.0756175667047501,-0.0389820709824562,0.103605680167675
0.0523387640714645,0.0375179089605808,0.146725058555603
-0.0501018203794956,0.0070931576192379,0.165062993764877
0.0099874185398221,0.0573156662285328,0.155985206365585
0.0877070873975754,0.0933556705713272,0.201422527432442
0.0919675156474113,0.126227766275406,0.245390325784683
-0.00406227540224791,0.101214528083801,0.274112522602081
-0.0272225551307201,0.0542198568582535,0.258738309144974
-0.00326601741835475,0.0368863418698311,0.231682509183884
0.0223092027008533,0.0298379641026258,0.274103820323944
-0.00791653618216515,0.0216379333287477,0.315839111804962
-0.153627157211304,-0.0389468818902969,0.330449521541595
-0.259201407432556,0.0728259310126305,0.390483051538467
-0.147274374961853,-0.0610271282494068,0.390803247690201
-0.104769878089428,-0.00596737489104271,0.410489141941071
-0.0722057893872261,0.135556936264038,0.465744256973267
-0.055462684482336,0.250433027744293,0.439635366201401
-0.00941228121519089,0.222822666168213,0.397641271352768
-0.0712289586663246,0.166112899780273,0.486730426549911
-0.109421379864216,0.106448158621788,0.456843912601471
-0.021120723336935,0.0282946918159723,0.370763391256332
0.00634980574250221,-0.016438914462924,0.419654071331024
0.0573574937880039,0.0738498121500015,0.403759926557541
-0.00993510149419308,0.0874097794294357,0.288347393274307
-0.0164351537823677,0.0577040389180183,0.261704832315445
-0.0534420311450958,0.0992504358291626,0.283800333738327
-0.170112550258636,0.12892185151577,0.352921575307846
-0.136171519756317,0.0865323096513748,0.305899202823639
-0.192279934883118,0.0395811535418034,0.262292295694351
-0.160430148243904,0.111360736191273,0.364718586206436
-0.182371363043785,0.0249959714710712,0.297342568635941
-0.257303714752197,-0.0242757890373468,0.234368681907654
-0.164030522108078,0.013852845877409,0.243698716163635
0.0197310913354158,0.147874817252159,0.31175622344017
-0.091308981180191,0.076753631234169,0.308905184268951
-0.348467737436295,0.0208360236138105,0.274764865636826
-0.113893017172813,0.118820324540138,0.340362071990967
0.0715203434228897,0.0979892462491989,0.345025956630707
-0.206800311803818,-0.0587757378816605,0.255082428455353
-0.243256092071533,-0.0712429136037827,0.326260924339294
-0.0947088450193405,0.0433579906821251,0.382610261440277
-0.234609395265579,-0.10577779263258,0.341819405555725
-0.203075423836708,-0.146653100848198,0.430611282587051
0.0269650258123875,0.0310426838696003,0.517691731452942
0.00429016165435314,0.0613259002566338,0.518926203250885
-0.0736179202795029,0.0258461013436317,0.486094653606415
-0.0713293850421906,0.0391905754804611,0.584778308868408
0.099140927195549,0.13916951417923,0.639630734920502
0.0158449504524469,0.164109721779823,0.525189220905304
-0.00690915947780013,0.175682827830315,0.487866878509521
0.0823749080300331,0.218368589878082,0.582896649837494
0.079176165163517,0.194603726267815,0.567639648914337
-0.144289672374725,0.0158079136162996,0.496992468833923
-0.111087083816528,0.0182183757424355,0.635326862335205
0.0733897089958191,0.00505383685231209,0.681984782218933
0.0354777351021767,-0.0364954397082329,0.671148538589478
0.0196853093802929,-0.0408275425434113,0.641787767410278
0.10637990385294,0.0293834116309881,0.640427350997925
0.100522696971893,0.0725647732615471,0.63970422744751
-0.00564329419285059,0.0277267452329397,0.677289426326752
-0.0479886457324028,0.0374272204935551,0.645439147949219
-0.158863753080368,-0.0638832524418831,0.55215972661972
-0.0848826467990875,-0.114891543984413,0.593747019767761
0.117829777300358,-0.00538879260420799,0.577523589134216
0.121728211641312,0.0201562214642763,0.582745552062988
0.0490278601646423,0.0202910266816616,0.585282802581787
0.153356283903122,0.123761355876923,0.621844232082367
0.160985082387924,0.1678396910429,0.592476069927216
0.0230066403746605,0.0845950096845627,0.617656767368317
-0.0263477079570293,-0.019148200750351,0.620047450065613
-0.00986483786255121,-0.0256076417863369,0.563877999782562
0.0107478639110923,-0.0783543959259987,0.511246144771576
0.0293200928717852,-0.0637592971324921,0.504093289375305
0.0870133861899376,-0.0814902484416962,0.452264934778214
0.182400494813919,-0.0876456573605537,0.417687565088272
0.144301220774651,-0.06507807970047,0.470270305871964
0.105715796351433,-0.0753277540206909,0.511870801448822
0.172738045454025,-0.101653955876827,0.454924136400223
0.187345698475838,-0.0742839276790619,0.47776135802269
0.204400554299355,0.0617279931902885,0.639409005641937
0.109316438436508,0.0715437978506088,0.619113743305206
0.0198102630674839,0.0124331442639232,0.596303522586823
-0.0269761551171541,0.0435526072978973,0.518683016300201
-0.006246835924685,0.0260849967598915,0.571157336235046
-0.0409213081002235,-0.0113132847473025,0.602032721042633
-0.0670799687504768,-0.111593335866928,0.518417179584503
-0.0251853503286839,-0.144244596362114,0.496674925088882
-0.0450075641274452,-0.066218689084053,0.531515777111053
-0.0460754707455635,-0.184344798326492,0.432269692420959
-0.0168541818857193,-0.135772734880447,0.508823215961456
0.0272251516580582,-0.033681333065033,0.503936648368835
-0.00242044823244214,-0.0326617434620857,0.437899678945541
0.0440129712224007,0.00461326632648706,0.368175238370895
0.0102452263236046,0.0932532399892807,0.344707190990448
-0.0679763555526733,-0.0238415393978357,0.310206800699234
0.0171469505876303,-0.0145408064126968,0.26247051358223
0.0988506823778152,0.130103930830956,0.220560982823372
-0.00353471795096993,0.129625245928764,0.198014572262764
-0.04079644754529,0.0416369959712029,0.200156420469284
-0.00460244389250875,0.0496567450463772,0.189740628004074
-0.0250423345714808,0.107912182807922,0.142105415463448
-0.0515263415873051,0.0994548350572586,0.0659086853265762
0.0295791141688824,0.130274564027786,0.0865476205945015
0.0882186070084572,0.194255217909813,0.0733238458633423
-0.0623612515628338,0.124249391257763,0.0182992406189442
-0.0949174910783768,0.0165933836251497,-0.03884506970644
-0.00634334143251181,0.0687213763594627,-0.0262811128050089
0.109273791313171,0.185748651623726,-0.0516369752585888
0.00532611738890409,0.10067991912365,-0.102368168532848
-0.0891824439167976,-0.0231635496020317,-0.141376942396164
0.055442001670599,-0.012314110994339,-0.164849013090134
0.175252839922905,0.0641689971089363,-0.0965569093823433
0.0242136735469103,0.0367813892662525,-0.144426450133324
-0.0614594481885433,-0.0728425905108452,-0.214014902710915
-0.0455020926892757,-0.0935435146093369,-0.192853540182114
0.0967046171426773,-0.0231602974236012,-0.138899430632591
-0.00202530575916171,-0.0331817753612995,-0.254042088985443
-0.0643633082509041,-0.184415966272354,-0.225004941225052
-0.0300033129751682,-0.0941698923707008,-0.137873247265816
-0.147011980414391,-0.0388704314827919,-0.305019676685333
-0.127030521631241,-0.167793825268745,-0.304707467556
-0.017601665109396,-0.0942267626523972,-0.218340083956718
0.0604600496590137,-0.102087467908859,-0.280147612094879
0.231813326478004,0.0343711860477924,-0.242014050483704
0.169644549489021,0.0137597229331732,-0.268818408250809
-0.021511472761631,-0.0449251532554626,-0.287636518478394
-0.0448596142232418,-0.152340084314346,-0.289565145969391
0.0194187052547932,-0.188776090741158,-0.248571678996086
-0.028149051591754,-0.207348793745041,-0.226242646574974
0.017704926431179,-0.151701688766479,-0.257357835769653
0.0829989686608315,-0.141850978136063,-0.247745513916016
-0.031615387648344,-0.233294129371643,-0.222905963659286
-0.125321999192238,-0.19100333750248,-0.265786677598953
-0.0868441984057426,-0.164506435394287,-0.347564935684204
-0.0173562802374363,-0.107931487262249,-0.348199605941772
-0.000666386447846889,-0.0560884326696396,-0.341773748397827
-0.0627923980355263,-0.0510201007127762,-0.362567692995071
-0.0233821049332619,-0.0542908236384392,-0.310303628444672
-0.118988543748856,-0.0816096663475037,-0.320565193891525
-0.137933954596519,-0.122471310198307,-0.345058053731918
-0.00788283068686724,-0.00646187737584114,-0.313066631555557
0.0492835715413094,0.06282789260149,-0.332159072160721
-0.0458539351820946,-0.126053377985954,-0.347009062767029
-0.194268956780434,-0.0406206138432026,-0.343548119068146
-0.0646585747599602,0.000562713481485844,-0.341772794723511
0.00365289789624512,0.0236903578042984,-0.317578017711639
-0.00654014246538281,0.00934653915464878,-0.329450398683548
-0.0971681624650955,-0.0357295721769333,-0.334399789571762
-0.0947201922535896,-0.008243128657341,-0.336566597223282
-0.0446618609130383,0.128620624542236,-0.33025336265564
0.0343969911336899,0.173615664243698,-0.365730345249176
0.0611862130463123,0.129786863923073,-0.354765772819519
0.0597681552171707,0.0368606485426426,-0.344492197036743
0.130283549427986,0.0281598307192326,-0.367646932601929
0.14844024181366,-0.0549409501254559,-0.329876512289047
0.135790854692459,-0.00114936754107475,-0.351484954357147
0.177330195903778,-0.0974322408437729,-0.364686548709869
0.128816053271294,-0.144848689436913,-0.391665697097778
0.127290636301041,-0.0309828221797943,-0.423651039600372
0.209220632910728,0.0371613763272762,-0.431934058666229
0.119896769523621,0.0504046306014061,-0.444082975387573
0.0365784168243408,0.0834729820489883,-0.468905746936798
-0.121771030128002,0.0345239862799644,-0.472944140434265
-0.195341065526009,0.0101570356637239,-0.477463632822037
-0.0736944526433945,0.02327611297369,-0.535523235797882
-0.0813532695174217,-0.0350309275090694,-0.498678237199783
-0.0119144581258297,-0.0521219149231911,-0.508392870426178
-0.0496986769139767,-0.0374662205576897,-0.573545575141907
-0.0526231676340103,-0.0872295573353767,-0.558510780334473
-0.0778190493583679,-0.0810698643326759,-0.601681768894196
-0.181870520114899,-0.116762280464172,-0.61651337146759
-0.209540873765945,-0.191190406680107,-0.549518525600433
-0.123910143971443,-0.205658704042435,-0.570848643779755
-0.147663101553917,-0.201296523213387,-0.579648196697235
-0.170246422290802,-0.180385991930962,-0.569291830062866
-0.150225937366486,-0.0995471701025963,-0.536432325839996
-0.129364728927612,-0.0968161374330521,-0.569734036922455
-0.0257172975689173,-0.0850008577108383,-0.57042008638382
0.0854521170258522,0.0106880459934473,-0.542209208011627
0.148935377597809,-0.00875424314290285,-0.620607912540436
0.0995470061898232,-0.0431573279201984,-0.591439604759216
0.1678317040205,0.0145110273733735,-0.53794914484024
0.0418737009167671,0.00751612707972527,-0.550182044506073
0.0226995665580034,-0.00742521975189447,-0.566756367683411
0.013507928699255,-0.0598752051591873,-0.533506989479065
-0.0108223054558039,-0.0446620136499405,-0.49873673915863
0.0241862423717976,-0.0846323072910309,-0.515975415706635
0.0999303758144379,-0.0569563508033752,-0.512283444404602
0.105726711452007,-0.0213173665106297,-0.486435234546661
-0.020885556936264,-0.0179602913558483,-0.454227685928345
-0.117518864572048,-0.0428710617125034,-0.413408011198044
-0.129994541406631,-0.0552368573844433,-0.393550276756287
-0.073681578040123,-0.116894826292992,-0.38547545671463
-0.0336446017026901,-0.225661098957062,-0.393532246351242
0.0113432258367538,0.0206387415528297,-0.429185271263123
0.0314684957265854,-0.000675678253173828,-0.441844761371613
0.0171192362904549,-0.0605102591216564,-0.451190412044525
-0.00688681658357382,-0.134258955717087,-0.446939080953598
0.022549444809556,-0.154126390814781,-0.438013106584549
0.135311171412468,-0.112446576356888,-0.388139516115189
0.0648067817091942,-0.0753973349928856,-0.377619922161102
-0.0160689651966095,-0.102055117487907,-0.374310314655304
-0.0189043749123812,-0.0943784564733505,-0.328937888145447
-0.0251154638826847,-0.0549664981663227,-0.352293968200684
-0.0238553769886494,-0.00796868558973074,-0.383514553308487
-0.000785595271736383,0.01445940323174,-0.372738778591156
-0.00701480498537421,0.0302868746221066,-0.383675217628479
-0.058968760073185,-0.0248295571655035,-0.358622580766678
-0.0825546011328697,-0.0649680569767952,-0.279760539531708
-0.0920487567782402,-0.0474584028124809,-0.276381105184555
-0.133871406316757,-0.0478867180645466,-0.312704563140869
-0.167537361383438,0.00486422423273325,-0.294369280338287
-0.036071453243494,-0.0632537305355072,-0.270320475101471
0.0138148311525583,-0.0521616376936436,-0.310151964426041
0.0360865816473961,-0.0642019659280777,-0.326722621917725
0.126152515411377,0.0236255675554276,-0.342824995517731
0.0861080661416054,0.0574002116918564,-0.334896445274353
0.0270799230784178,0.0715589225292206,-0.308538824319839
-0.0159322209656239,0.112881891429424,-0.301472157239914
-0.0206413380801678,0.0912673398852348,-0.295778125524521
-0.0896383374929428,0.0860296040773392,-0.253014922142029
-0.126296579837799,0.0555544830858707,-0.199162140488625
-0.166482836008072,-0.0335057340562344,-0.140340507030487
-0.118143685162067,-0.0350875072181225,-0.144683346152306
-0.0875770598649979,-0.0375901982188225,-0.150332942605019
-0.0943287461996078,0.0113977193832397,-0.125692456960678
-0.0655724853277206,0.00802462175488472,-0.15521776676178
0.0202927682548761,-0.00529726967215538,-0.191533669829369
0.014235183596611,0.00907749310135841,-0.163754001259804
-0.037778701633215,0.0259758196771145,-0.155624479055405
-0.0638616904616356,0.0238250903785229,-0.158485397696495
-0.121075436472893,-0.0279884114861488,-0.181543484330177
-0.122929684817791,-0.000558351166546345,-0.189292579889297
-0.0948228612542152,-0.00256898999214172,-0.209033161401749
-0.0518650151789188,-0.0119981598109007,-0.219219088554382
-0.102644272148609,-0.0180027801543474,-0.170733004808426
-0.168889448046684,-0.0292457360774279,-0.148062020540237
-0.0713515430688858,-0.0245852284133434,-0.13371753692627
-0.0621321611106396,0.0598957501351833,-0.131673455238342
-0.131743982434273,0.0119843631982803,-0.0757068172097206
-0.134090781211853,0.0127062387764454,-0.0752049386501312
-0.0689228624105453,0.110225580632687,-0.0404800586402416
-0.0432622879743576,0.132033705711365,-0.00740927271544933
-0.0479918383061886,-0.0106844417750835,0.00331557914614677
-0.058736402541399,-0.044202983379364,-0.0326767191290855
-0.0928723886609077,-0.122621476650238,0.00930203404277563
-0.0486053265631199,-0.125708684325218,0.0711598768830299
0.0745785757899284,-0.0322583355009556,0.104303881525993
-0.0463140346109867,-0.0441314987838268,0.111167445778847
-0.0557317622005939,-0.127133056521416,0.155573204159737
-0.0555693469941616,-0.129924163222313,0.145019233226776
-0.0527957081794739,-0.105468086898327,0.12381611764431
-0.0921406596899033,-0.154357820749283,0.139638736844063
-0.0707181096076965,-0.152636259794235,0.125796124339104
-0.0598195120692253,-0.158948883414268,0.0635549426078796
-0.0168571807444096,-0.112472772598267,0.0657834708690643
0.0703034624457359,-0.00905266962945461,0.0175035893917084
0.107153788208961,0.0552271753549576,-0.0049494281411171
0.0752058178186417,0.0632795318961143,0.0367089658975601
0.0768634229898453,0.0897264257073402,0.0795406475663185
0.0189015753567219,0.109265424311161,0.0428133457899094
-0.0692038908600807,0.0512834638357162,0.0596741810441017
-0.0701493173837662,0.00522060599178076,0.108700282871723
-0.120250172913074,-0.0319803468883038,0.116926699876785
-0.105226866900921,0.0156424809247255,0.137324273586273
-0.158781066536903,0.0101589784026146,0.152924686670303
-0.135159015655518,-0.0497544780373573,0.116363003849983
-0.128096729516983,-0.0744534656405449,0.145332887768745
-0.151254892349243,0.00841284263879061,0.209053844213486
-0.059517178684473,0.0471103303134441,0.246531903743744
-0.12845453619957,-0.0387587286531925,0.252074033021927
-0.183575108647346,-0.0969171300530434,0.340047806501389
-0.178974866867065,-0.151912748813629,0.326775252819061
-0.119161814451218,-0.174620658159256,0.36917570233345
-0.122385866940022,-0.131595924496651,0.452767103910446
-0.228878885507584,-0.121355168521404,0.525067746639252
-0.32900282740593,-0.230388209223747,0.495010495185852
-0.20892034471035,-0.319108158349991,0.500837802886963
0.0256279725581408,-0.245126232504845,0.393924742937088
0.0582740865647793,-0.104248829185963,0.375622570514679
-0.110099703073502,-0.0769068002700806,0.429053992033005
-0.2205990254879,-0.120744541287422,0.354696005582809
-0.04551662504673,-0.0870364680886269,0.390747725963593
-0.0748432874679565,-0.109166413545609,0.400241851806641
-0.211665451526642,-0.121975257992744,0.358010143041611
-0.192674651741982,-0.048340417444706,0.331701815128326
-0.0395144447684288,-0.0612579807639122,0.370235830545425
-0.269435197114944,-0.19367803633213,0.423425555229187
-0.200198039412498,-0.157040104269981,0.520672559738159
0.0139080509543419,-0.0899014919996262,0.483478784561157
0.155398577451706,0.00613534264266491,0.450607597827911
0.140608534216881,0.056315965950489,0.417778819799423
-0.0501259565353394,0.0957949310541153,0.539242148399353
-0.0743177831172943,0.114329591393471,0.651425540447235
-0.05933653190732,0.1202791929245,0.641555488109589
-0.273640990257263,-0.0490123964846134,0.547916054725647
-0.353852808475494,-0.165909677743912,0.741876244544983
0.0134868714958429,-0.0913743674755096,0.852286338806152
0.0334691926836967,-0.067471481859684,0.672731757164001
0.0456917583942413,-0.0707578659057617,0.754971921443939
0.201866164803505,0.120038509368896,0.758897662162781
0.238018840551376,0.209807246923447,0.641859829425812
0.034408938139677,0.13814839720726,0.582217037677765
0.120698802173138,0.0269353203475475,0.740429937839508
0.330446690320969,0.13913482427597,0.75778603553772
0.387434661388397,0.175409018993378,0.753164291381836
0.168146297335625,0.115866363048553,0.802927374839783
0.10560268163681,-0.00495326239615679,0.808040142059326
0.184476047754288,-0.0824631750583649,0.7188521027565
0.286958754062653,-0.0824181735515594,0.688314378261566
0.318251758813858,-0.0525279641151428,0.740339934825897
0.196325719356537,-0.0689966976642609,0.795808076858521
0.264689445495605,-0.0265716202557087,0.79544872045517
0.283878803253174,-0.015360563993454,0.777173757553101
0.24562206864357,-0.000519341789186001,0.821344494819641
0.282985031604767,-0.0141683826223016,0.824624300003052
0.343223989009857,0.184626787900925,0.749409675598145
0.235436841845512,0.281899690628052,0.693196773529053
0.0363514572381973,0.0933584719896317,0.75428169965744
-0.129843026399612,-0.0978823006153107,0.609322845935822
0.0139795113354921,-0.146700829267502,0.647013485431671
0.0725110098719597,-0.179618343710899,0.64548522233963
0.0222527496516705,-0.18183471262455,0.664735496044159
0.0783077329397202,-0.0696893855929375,0.735978662967682
0.0257303137332201,-0.0648452118039131,0.67518150806427
0.0203346163034439,-0.0959537476301193,0.852031230926514
0.0944717973470688,-0.0142747415229678,0.92756974697113
0.0806962847709656,-0.0170336961746216,0.81587141752243
0.122010439634323,-0.107451930642128,0.702849805355072
0.200042426586151,-0.113742455840111,0.620319783687592
0.251383394002914,-0.0556592047214508,0.589605867862701
0.19044229388237,-0.0556831583380699,0.561727583408356
0.147650718688965,-0.0834521949291229,0.521167576313019
0.181806012988091,-0.0655940100550652,0.53613018989563
0.187513500452042,-0.0342566557228565,0.563151478767395
0.114567764103413,-0.0225845202803612,0.511383354663849
0.125494062900543,-0.0633404180407524,0.441435098648071
0.311997711658478,-0.00207328237593174,0.415804833173752
0.389102965593338,0.10867241024971,0.398672312498093
0.249874383211136,-0.00733710080385208,0.309555619955063
0.116060622036457,-0.0828948318958282,0.200672209262848
0.184180691838264,0.00383058562874794,0.092234842479229
0.27792090177536,0.0401431359350681,0.168249219655991
0.177359640598297,0.00177995301783085,0.194878086447716
0.117613814771175,-0.0198626779019833,0.209864884614944
0.193342536687851,0.0716888308525085,0.264281272888184
0.236056253314018,0.11370936781168,0.295307040214539
0.249269336462021,0.21303802728653,0.341274797916412
0.191709622740746,0.246875166893005,0.217345103621483
0.147754892706871,0.184692308306694,0.0691623091697693
0.0857863202691078,0.0693178549408913,0.195207640528679
0.0999403968453407,0.0925193727016449,0.170308470726013
0.0885745659470558,0.0604984238743782,0.141434952616692
-0.044918205589056,-0.0743052437901497,0.178676903247833
-0.0538204498589039,-0.0702006220817566,0.210050493478775
-0.0231980867683887,-0.076455369591713,0.223435923457146
-0.00381194520741701,-0.0948821753263474,0.163190633058548
0.0594217069447041,-0.0786633938550949,0.143960744142532
0.130880445241928,0.00382236856967211,0.147304862737656
0.152536243200302,0.0947001874446869,0.126727551221848
0.129826679825783,0.127873823046684,0.137606561183929
0.116955682635307,0.140856713056564,0.112614065408707
0.200333312153816,0.0958415791392326,0.141524955630302
0.186103835701942,-0.0873247012495995,0.160166636109352
-0.0450152233242989,-0.173731192946434,0.0840597823262215
-0.0663471892476082,-0.171366989612579,0.159467473626137
-0.0126130981370807,-0.0901322513818741,0.165662229061127
0.0336739420890808,-0.0855492576956749,0.105090625584126
0.0350532047450542,-0.0431493744254112,0.103556759655476
0.0672629103064537,0.0640364289283752,0.0786254853010178
0.00902770459651947,0.0915744826197624,0.0186218600720167
0.0157519225031137,0.113606549799442,0.0750932693481445
0.0847648978233337,0.172488003969193,0.103448316454887
0.137902468442917,0.151148825883865,0.0205302108079195
0.208679541945457,0.129570141434669,0.0206048358231783
0.0708028823137283,0.126842603087425,0.0253334064036608
0.0870705023407936,0.0969420671463013,0.0561410188674927
0.104257300496101,0.144848629832268,-0.0541340075433254
0.0632356032729149,0.0523063540458679,-0.112497121095657
0.0274199657142162,-0.0434736423194408,-0.0221256092190742
0.0572274439036846,-0.0521774515509605,0.00841312855482101
0.0327164568006992,0.0461019314825535,-0.106006667017937
0.0529503934085369,-0.0673802569508553,-0.19305756688118
-0.0256865173578262,-0.20177049934864,-0.222560852766037
0.0545385107398033,-0.0546989738941193,-0.0948509275913239
0.184489995241165,0.175144627690315,-0.11234387755394
0.0962520241737366,0.0228691566735506,-0.209580481052399
0.0473573990166187,0.0145467296242714,-0.314726322889328
0.100281305611134,0.0651882439851761,-0.28913739323616
-0.101849503815174,0.0933022722601891,-0.302264928817749
-0.128404423594475,-0.00432684551924467,-0.304084569215775
-0.0733847171068192,-0.00918993260711432,-0.36996391415596
-0.26828345656395,-0.0662759989500046,-0.346658527851105
-0.341628611087799,-0.189174205064774,-0.265793114900589
-0.337609261274338,-0.233588457107544,-0.316987723112106
-0.175258323550224,-0.294267147779465,-0.322209358215332
-0.0932273268699646,-0.289422690868378,-0.319520473480225
-0.0642138570547104,-0.235750466585159,-0.311349540948868
-0.100740075111389,-0.151627868413925,-0.342088550329208
-0.0174114089459181,-0.0815384685993195,-0.324679225683212
-0.0412019900977612,-0.0415716767311096,-0.286144405603409
-0.104893252253532,-0.115845918655396,-0.278600931167603
0.0784696638584137,-0.144519180059433,-0.293718308210373
0.0545584335923195,-0.119043245911598,-0.330463290214539
-0.205818831920624,-0.179557994008064,-0.380916386842728
-0.0692201256752014,-0.160740301012993,-0.277320384979248
0.0845190584659576,-0.0185547508299351,-0.277379751205444
-0.0963139235973358,-0.0215664282441139,-0.307362675666809
-0.0634785667061806,0.0303953308612108,-0.317719489336014
0.0322569757699966,0.131694167852402,-0.340188950300217
0.102192424237728,0.239833638072014,-0.317500323057175
0.0790294110774994,0.236981555819511,-0.358257353305817
-0.0333046317100525,0.150305569171906,-0.386524677276611
-0.191699892282486,0.0409693792462349,-0.350974500179291
-0.0311034750193357,0.120874918997288,-0.407572060823441
-0.0727621987462044,0.114925533533096,-0.467413872480392
-0.160094037652016,0.00202672276645899,-0.464542925357819
-0.0831164568662643,0.0451053157448769,-0.443755567073822
0.0243234597146511,0.2061547935009,-0.54441636800766
0.00620178692042828,0.167769566178322,-0.610198378562927
-0.021051088348031,0.102875381708145,-0.444185376167297
-0.0984336733818054,-0.0238492861390114,-0.50261127948761
-0.15470939874649,0.0213961042463779,-0.580218553543091
-0.107466578483582,0.0108646284788847,-0.60321843624115
-0.0243330039083958,0.00630237255245447,-0.562715470790863
0.0443750955164433,0.00573236308991909,-0.621424853801727
-0.0759686604142189,0.0203093662858009,-0.677432179450989
-0.0958820208907127,0.0279498361051083,-0.669841289520264
-0.0247699804604053,0.0536558106541634,-0.627982497215271
-0.0539785213768482,-0.00467395596206188,-0.653038859367371
-0.0501702502369881,0.00823699776083231,-0.726206719875336
-0.00414947792887688,0.023432768881321,-0.691733658313751
-0.106315538287163,0.0269490331411362,-0.634607970714569
-0.180430382490158,0.0132873728871346,-0.607502043247223
-0.180422142148018,-0.0398004874587059,-0.629387378692627
-0.151024252176285,-0.102563440799713,-0.62721586227417
-0.0490753650665283,-0.0648800656199455,-0.59408563375473
-0.0175741296261549,-0.15123239159584,-0.616585254669189
-0.132752537727356,-0.158658429980278,-0.62478095293045
-0.177101939916611,-0.159720361232758,-0.543538570404053
-0.116974048316479,-0.130980044603348,-0.532643556594849
-0.0707583278417587,-0.110299699008465,-0.566618800163269
-0.0563135296106339,-0.0728186145424843,-0.592404961585999
-0.0743583291769028,-0.0897569954395294,-0.595434248447418
-0.0253273211419582,-0.0855133831501007,-0.577540338039398
0.00839981995522976,-0.117106035351753,-0.492032289505005
-0.0828545913100243,-0.135322481393814,-0.364285707473755
-0.105282358825207,-0.106790386140347,-0.337906718254089
0.00816003140062094,-0.0736990496516228,-0.390608638525009
0.0559137240052223,-0.0385543555021286,-0.390820801258087
-0.00516995228827,-0.0702476799488068,-0.423201233148575
0.0235632583498955,-0.1149962246418,-0.419497102499008
0.122364774346352,-0.0839393585920334,-0.374269008636475
0.0812650844454765,-0.0604682266712189,-0.378121465444565
0.0757768452167511,-0.073271319270134,-0.346645802259445
0.140841454267502,-0.0603799000382423,-0.326383471488953
0.0424784496426582,-0.0383288525044918,-0.278631746768951
-0.0685487017035484,-0.160083428025246,-0.330666601657867
-0.00179267907515168,0.0117944367229939,-0.335883259773254
-0.0469226539134979,0.0100746601819992,-0.348601162433624
-0.0190330855548382,-0.0602945163846016,-0.396554559469223
0.0447345115244389,-0.0888237953186035,-0.360675424337387
-0.00172822875902057,-0.043430782854557,-0.368796586990356
-0.0170038715004921,-0.0460284054279327,-0.377456188201904
0.00267054210416973,-0.0385116748511791,-0.387329876422882
0.00418988429009914,0.00278972741216421,-0.376471132040024
-0.0182174760848284,0.019437650218606,-0.401148557662964
0.0199658088386059,0.0728305503726006,-0.380285203456879
-0.0489965789020061,0.0798424854874611,-0.343758136034012
-0.0518120191991329,0.0335856787860394,-0.32265442609787
-0.0443148799240589,0.0215224027633667,-0.310459017753601
-0.0549201518297195,-0.000343585386872292,-0.249876469373703
-0.0457501523196697,-0.0253755785524845,-0.198901101946831
-0.0621735826134682,-0.042616244405508,-0.233039051294327
-0.0694480612874031,-0.0335647240281105,-0.213060110807419
-0.0757051110267639,-0.0344211868941784,-0.234721973538399
-0.0227648317813873,-0.0117765991017222,-0.270760059356689
-0.0508339926600456,-0.00632674247026443,-0.251643896102905
-0.0564074665307999,-0.0312665663659573,-0.233488783240318
-0.0283707622438669,-0.0295764431357384,-0.254141807556152
-0.0365349538624287,-0.021941602230072,-0.257384091615677
-0.0847945809364319,-0.0466957688331604,-0.273613601922989
-0.0774002149701118,-0.0405022017657757,-0.246664345264435
-0.0662752538919449,-0.0484012961387634,-0.243934825062752
-0.0124224489554763,-0.0235640835016966,-0.233893215656281
0.0185812618583441,0.00712607428431511,-0.229539006948471
-0.000502512324601412,0.012094110250473,-0.211413562297821
-0.0530054643750191,-0.0126427169889212,-0.243416160345078
-0.0686074793338776,-0.0338131934404373,-0.275585144758224
0.00489073060452938,-0.0413970462977886,-0.298867583274841
0.0353590287268162,-0.023976631462574,-0.285839855670929
-0.0137475226074457,-0.00173165462911129,-0.261495858430862
-0.0499550141394138,-0.0732102692127228,-0.263147294521332
-0.0491522327065468,-0.0164503548294306,-0.283915549516678
-0.0308268219232559,-0.0269109308719635,-0.226033970713615
-0.0514915958046913,-0.0226216427981853,-0.157878592610359
-0.0987163260579109,-0.0104220537468791,-0.0997627750039101
-0.184283390641212,-0.0914029628038406,-0.127617418766022
-0.141570001840591,-0.149322882294655,-0.162239164113998
-0.0654385462403297,-0.0914839878678322,-0.136428013443947
-0.0205210726708174,-0.0306006968021393,-0.102744355797768
0.000757176661863923,0.0135687403380871,-0.0994402766227722
0.0257036052644253,0.0905842408537865,-0.113897085189819
-0.0675670504570007,0.143119618296623,-0.0914260372519493
-0.026199359446764,0.0866881310939789,-0.0635498315095901
0.0281278789043427,0.0544957146048546,-0.0671351552009583
0.0293898601084948,0.106405079364777,-0.0452517345547676
0.0160409715026617,0.0514488220214844,-0.0268734488636255
0.0263926927000284,-0.02313482016325,0.00898350030183792
-0.0096382787451148,-0.0425700023770332,-0.015999061986804
0.0178391262888908,-0.0633341744542122,-0.00328216142952442
-0.00522676715627313,-0.0257024057209492,0.0199385434389114
0.00722503568977118,-0.0162358582019806,0.0343841649591923
0.0375511087477207,-0.00305318366736174,0.0452872589230537
0.0606475584208965,0.00579338613897562,0.0298333577811718
0.134629964828491,0.0241131763905287,0.0669405311346054
0.0902140438556671,0.0234708227217197,0.090007483959198
-0.0480310842394829,0.0887874811887741,0.139749631285667
-0.0923551321029663,0.0585839189589024,0.169406533241272
-0.138164460659027,0.109224051237106,0.189245954155922
-0.0815866887569427,-0.0117219053208828,0.193140119314194
-0.0527164675295353,-0.0116751873865724,0.19788034260273
-0.0201714392751455,0.0494504943490028,0.179960191249847
0.0981722101569176,-0.00699430517852306,0.163385167717934
0.105035834014416,0.0269849896430969,0.187869906425476
0.0211204681545496,0.0100151533260942,0.17219015955925
0.0330870673060417,-0.0295912325382233,0.175820007920265
0.035581648349762,-0.0218348801136017,0.237079247832298
-0.0326892584562302,0.0472807474434376,0.278513014316559
-0.12404303252697,0.01088513340801,0.298019498586655
-0.207390785217285,-0.0456206724047661,0.261903166770935
-0.160026043653488,-0.0821291357278824,0.281093746423721
-0.117683745920658,-0.109526365995407,0.294613301753998
-0.184937089681625,-0.153181806206703,0.258440166711807
-0.141458049416542,-0.171882182359695,0.27672466635704
-0.0400197468698025,-0.0788745209574699,0.30272775888443
-0.142145201563835,0.00825288332998753,0.242668762803078
-0.146497502923012,-0.00270522013306618,0.28502368927002
-0.0515903457999229,0.0262644551694393,0.312199085950851
-0.0565468892455101,0.00994280073791742,0.233771920204163
-0.0295114293694496,-0.0111619541421533,0.253556430339813
0.0457889884710312,-0.0350079275667667,0.264395892620087
0.0371797941625118,-0.0243076421320438,0.239104315638542
0.0249800905585289,-0.0102778961881995,0.205401360988617
0.000795746222138405,-0.0176015309989452,0.217186659574509
0.0557494945824146,0.0454795397818089,0.256356984376907
0.0347431488335133,0.09955894947052,0.313803791999817
-0.238895118236542,0.0156767927110195,0.379466861486435
-0.37164232134819,-0.160977900028229,0.459953725337982
-0.190764039754868,-0.165278747677803,0.478316783905029
-0.0454222112894058,-0.0895652621984482,0.460678398609161
-0.118786111474037,-0.0800172537565231,0.499121993780136
-0.260114848613739,-0.103558242321014,0.52929413318634
-0.143865793943405,-0.107227668166161,0.504324555397034
0.0804886072874069,0.0244434699416161,0.490202754735947
0.0514207482337952,0.0777449980378151,0.476927906274796
0.0109702739864588,0.131634876132011,0.506059765815735
0.0884429737925529,0.100883349776268,0.525752365589142
0.13559864461422,0.112483859062195,0.422869771718979
0.152017399668694,0.106073975563049,0.377004474401474
0.144496917724609,0.133651673793793,0.405026823282242
-0.00940060429275036,0.116679683327675,0.482046604156494
-0.110318124294281,0.0378341227769852,0.544451415538788
-0.102017723023891,-0.028617724776268,0.544095993041992
-0.122088618576527,-0.0405713282525539,0.515734970569611
-0.175573974847794,-0.0622225627303123,0.55327969789505
-0.17345204949379,-0.0460497960448265,0.639056086540222
-0.253964722156525,-0.0358284935355186,0.658450961112976
-0.154770210385323,-0.0880755707621574,0.649988055229187
0.103658191859722,0.0427763313055038,0.705532133579254
0.078481487929821,0.156966924667358,0.683647692203522
0.0228213891386986,0.122118167579174,0.604409039020538
0.0210532806813717,0.0803089141845703,0.560523390769958
0.192973017692566,0.0279258191585541,0.528817534446716
0.312462508678436,0.063059464097023,0.516991376876831
0.195469036698341,0.122978702187538,0.506245732307434
-0.0438846237957478,0.0238568782806396,0.544097304344177
0.00502278190106153,-0.0539591498672962,0.61367529630661
-0.0313340872526169,-0.0524951927363873,0.553216993808746
-0.22419361770153,-0.181093797087669,0.549840748310089
-0.153601631522179,-0.191537037491798,0.609410881996155
0.0979194343090057,-0.0843638628721237,0.623975098133087
0.138591110706329,-0.0437203831970692,0.516956150531769
0.0116719817742705,-0.0376626551151276,0.466698944568634
0.0458543300628662,-0.00775663554668427,0.565419495105743
-0.0386585779488087,0.019776301458478,0.558274209499359
-0.0735497623682022,-0.0477380380034447,0.464465200901031
0.149058893322945,-0.0861149057745934,0.53717702627182
0.149341449141502,-0.0875306576490402,0.570733606815338
0.102068401873112,-0.108109951019287,0.622423052787781
0.154912933707237,-0.0787908732891083,0.606661915779114
0.162935018539429,-0.0862878561019897,0.538826704025269
0.185225144028664,-0.166693508625031,0.511019885540009
0.287041753530502,-0.151328459382057,0.435969054698944
0.388525635004044,-0.145454272627831,0.421263098716736
0.391431331634521,-0.138176470994949,0.442366003990173
0.278962284326553,-0.117949277162552,0.376297116279602
0.319185793399811,-0.0709756761789322,0.370260715484619
0.363927036523819,0.133082643151283,0.340746968984604
0.309402763843536,0.26111626625061,0.146654114127159
-0.0469789430499077,0.249757900834084,0.160640388727188
-0.195540323853493,0.210947945713997,0.282625645399094
-0.307818800210953,0.105074465274811,0.15421587228775
-0.339903265237808,-0.00879926700145006,0.0621034428477287
-0.246202781796455,-0.0204799696803093,0.0486043877899647
-0.351998269557953,-0.200766891241074,0.0363955795764923
-0.310801476240158,-0.21492400765419,0.0318252444267273
0.0358365401625633,-0.0696020275354385,0.0759498104453087
0.124432623386383,0.0760295838117599,0.192095398902893
-0.0549415610730648,0.118227735161781,0.222992017865181
0.0736707523465157,0.23803685605526,0.27390518784523
0.264324843883514,0.366360127925873,0.111638374626637
0.210342928767204,0.286713242530823,0.163143962621689
0.155084848403931,0.0935575142502785,0.313467890024185
0.241471707820892,0.0746313855051994,0.33546194434166
0.303114086389542,0.0671370327472687,0.283841699361801
0.251086562871933,0.0446595288813114,0.302657872438431
0.224773183465004,0.0372027605772018,0.3262580037117
0.218701601028442,0.118917047977448,0.261514872312546
0.249572187662125,0.113957315683365,0.237875983119011
0.204918503761292,-0.0485616028308868,0.244441464543343
0.163591504096985,-0.127272084355354,0.2676682472229
0.224427253007889,-0.0404832288622856,0.327042371034622
0.136731088161469,-0.00317402556538582,0.269967079162598
0.0554520003497601,-0.0781707912683487,0.271774619817734
0.110155180096626,-0.0267545357346535,0.309989124536514
0.139029830694199,0.0231317188590765,0.298999696969986
0.0686924532055855,0.0331622585654259,0.34053161740303
0.0307230986654758,0.0277103185653687,0.292785555124283
0.0693121552467346,0.00136130396276712,0.166606307029724
0.0449093021452427,-0.0456717014312744,0.209954366087914
0.0240565314888954,-0.0541242100298405,0.230193957686424
-0.00646356865763664,-0.0804214552044868,0.227927088737488
0.0498088710010052,-0.109151437878609,0.189275160431862
0.101964987814426,-0.0867622271180153,0.119966000318527
0.0757807269692421,-0.105626776814461,0.142906755208969
0.0111021790653467,-0.105325445532799,0.18398055434227
0.0284720156341791,-0.0842453837394714,0.162689283490181
0.13903796672821,-0.114544712007046,0.0810348019003868
0.137899115681648,-0.00317730940878391,0.0742742717266083
0.0280069131404161,0.0588859096169472,-0.0075877346098423
-0.0791462510824203,0.0134173603728414,-0.0273601952940226
0.0222973357886076,-0.0450117439031601,-0.098651185631752
0.0395702086389065,-0.0576980598270893,-0.117919892072678
-0.0441161096096039,-0.0508969277143478,-0.103710070252419
-0.0144876427948475,-0.136699646711349,-0.142436102032661
0.110178627073765,-0.0587375797331333,-0.167056411504745
0.0587571263313293,-0.109095342457294,-0.167835384607315
-0.00641035148873925,-0.0731986984610558,-0.106300108134747
0.0602235309779644,0.062792144715786,-0.0542029589414597
-0.0535943955183029,-0.110815644264221,-0.236490949988365
-0.177637040615082,-0.225554287433624,-0.338938295841217
-0.207876950502396,-0.145615771412849,-0.26101878285408
-0.160536244511604,-0.0411623567342758,-0.129898577928543
-0.142352566123009,-0.122882761061192,-0.226129353046417
-0.0484138056635857,-0.208054453134537,-0.203277409076691
0.0173398368060589,-0.0752736106514931,-0.201345533132553
-0.0437071807682514,-0.00871202535927296,-0.169324919581413
-0.150862529873848,-0.0304254256188869,-0.16938678920269
-0.00419616559520364,-0.0152448061853647,-0.146749287843704
-0.0869592353701591,-0.127791091799736,-0.111076205968857
-0.126386314630508,-0.312114477157593,-0.138518989086151
-0.0974688604474068,-0.241948530077934,-0.229357689619064
-0.108300879597664,-0.0297588296234608,-0.232796624302864
-0.165712088346481,0.130484893918037,-0.316920191049576
-0.0342138335108757,0.0734157785773277,-0.390593469142914
0.0628102719783783,-0.0468265563249588,-0.296851485967636
0.0950206592679024,-0.133652046322823,-0.268691688776016
0.0474435836076736,-0.0464625358581543,-0.279746174812317
0.055285107344389,-0.136712655425072,-0.318205952644348
0.027583010494709,-0.265510886907578,-0.265847653150558
0.0791621208190918,-0.265785187482834,-0.261186093091965
0.118863061070442,-0.180550128221512,-0.325078636407852
0.132580831646919,-0.191857278347015,-0.407528549432755
0.0791948661208153,-0.104932889342308,-0.308868825435638
0.0342351719737053,-0.0677389800548553,-0.342922866344452
-0.0156113114207983,0.0186578929424286,-0.421396017074585
-0.103787690401077,0.0920961573719978,-0.410285919904709
-0.216815754771233,0.0949758887290955,-0.368297219276428
-0.260182619094849,0.0865730047225952,-0.379189610481262
-0.227620825171471,0.0383048206567764,-0.373678684234619
-0.0856374949216843,0.0456553250551224,-0.390712797641754
-0.027393463999033,0.07068981975317,-0.407238364219666
-0.0472590290009975,0.126221030950546,-0.415019333362579
-0.0281288884580135,0.138259291648865,-0.473677724599838
-0.00444014091044664,0.109736613929272,-0.494546234607697
0.0708172395825386,0.10559518635273,-0.473845630884171
0.0762041509151459,-0.00197689142078161,-0.423440873622894
0.0400654599070549,0.103675529360771,-0.443974941968918
0.0422435961663723,0.0865910425782204,-0.450045138597488
0.123704463243484,0.0700094550848007,-0.486967653036118
0.122790940105915,0.127937942743301,-0.548944771289825
0.0773979425430298,0.0819349810481071,-0.5238938331604
0.00981925427913666,-0.0528062582015991,-0.498704493045807
-0.0288607683032751,-0.0309090167284012,-0.551268100738525
-0.0645888969302177,-0.00386390183120966,-0.63297039270401
-0.0134303327649832,-0.0195353105664253,-0.614140331745148
-0.118678614497185,-0.0410877466201782,-0.608895480632782
-0.198718369007111,-0.0243788752704859,-0.596490681171417
-0.210939198732376,-0.0471328943967819,-0.580739915370941
-0.155476540327072,-0.00898123439401388,-0.555331885814667
-0.225047275424004,-0.0378829762339592,-0.57050895690918
-0.219601333141327,-0.0805918127298355,-0.580694854259491
-0.220188349485397,-0.0908787325024605,-0.553747355937958
-0.177999138832092,-0.0988832339644432,-0.528741300106049
-0.124715223908424,-0.0798422545194626,-0.551632285118103
-0.0969691947102547,-0.0701057910919189,-0.523442566394806
-0.186943858861923,-0.0855266749858856,-0.454758167266846
-0.228239610791206,-0.0963186994194984,-0.393741995096207
-0.214756861329079,-0.118675895035267,-0.414486646652222
-0.194630905985832,-0.14851987361908,-0.421472758054733
-0.107930399477482,-0.13064794242382,-0.431316643953323
-0.105957299470901,-0.115930192172527,-0.428995817899704
-0.0958687141537666,-0.114547595381737,-0.439638704061508
-0.0773109793663025,-0.0721848830580711,-0.410953164100647
-0.0555474571883678,-0.0571362897753716,-0.399111986160278
-0.0481885820627213,-0.0278059411793947,-0.411182790994644
-0.0434605292975903,-0.0320766866207123,-0.392255395650864
-0.00852253846824169,-0.0501647964119911,-0.374434232711792
-5.73652796447277e-05,-0.021642878651619,-0.339885830879211
-0.0565465502440929,-0.00660326052457094,-0.366768389940262
-0.121821209788322,-0.114455506205559,-0.345342755317688
-0.117202050983906,-0.00193795561790466,-0.327915072441101
0.0112736942246556,0.0458928495645523,-0.316620916128159
0.00547580188140273,0.0543305575847626,-0.320990383625031
0.167026221752167,0.0147092938423157,-0.366932809352875
0.109861671924591,0.18003685772419,-0.272710859775543
0.00924789346754551,0.142943426966667,-0.214078843593597
-0.00977464858442545,0.114814311265945,-0.262704372406006
-0.0170284640043974,0.179681301116943,-0.284437417984009
-0.0660639852285385,0.136413529515266,-0.295866161584854
-0.069432370364666,0.0728628933429718,-0.349427223205566
-0.101581163704395,0.00828727893531322,-0.307076960802078
-0.0457120425999165,-0.0411447435617447,-0.291474848985672
0.0978017896413803,0.000213854946196079,-0.33672633767128
-0.00448812497779727,0.058029904961586,-0.307732164859772
-0.0704522132873535,-0.0126260835677385,-0.249014958739281
0.0460792407393456,0.0659977048635483,-0.24967747926712
-0.0530628636479378,0.0928346589207649,-0.198577731847763
-0.095288097858429,0.0124721750617027,-0.188814252614975
-0.023268660530448,0.00880760699510574,-0.270240485668182
0.0042404537089169,0.0920263230800629,-0.208995804190636
-0.0110396705567837,0.104141741991043,-0.181196689605713
-0.0050123818218708,0.125895440578461,-0.214227885007858
-0.0993205904960632,0.112890660762787,-0.237811475992203
-0.0406687371432781,0.0561078935861588,-0.292136818170547
-0.0503186471760273,0.0362381190061569,-0.311909765005112
-0.0795611590147018,-0.000422773882746696,-0.255754172801971
-0.0614836663007736,-0.045659251511097,-0.278739959001541
-0.101650252938271,-0.119115971028805,-0.314224481582642
-0.123143777251244,-0.166035041213036,-0.254126042127609
-7.39796087145805e-06,-0.190940409898758,-0.243362307548523
0.0399368181824684,-0.0626471489667892,-0.313422679901123
-0.0135534927248955,-0.0680053159594536,-0.296018540859222
0.104772798717022,-0.0993941575288773,-0.258545368909836
0.176610007882118,-0.0723139047622681,-0.252064675092697
-0.0117777232080698,-0.0893233865499496,-0.227998703718185
-0.106429174542427,-0.0369377098977566,-0.194165498018265
0.00458239391446114,-0.0310561694204807,-0.193796932697296
-0.0238646492362022,0.000154268927872181,-0.256987273693085
0.0420058071613312,-0.0669234320521355,-0.270068734884262
0.0859110653400421,-0.0419956892728806,-0.274466961622238
0.173789843916893,0.0244343895465136,-0.260717332363129
0.11306269466877,-0.0321319252252579,-0.236823216080666
-0.0105139445513487,-0.185314252972603,-0.202027022838593
-0.0186039339751005,-0.237860351800919,-0.188631981611252
-0.0260161850601435,-0.0819572433829308,-0.178121894598007
-0.0488481000065804,-0.123418211936951,-0.125370398163795
0.0164056662470102,-0.172696381807327,-0.128923490643501
0.176943317055702,-0.0650143176317215,-0.158404439687729
0.146079644560814,0.0372349359095097,-0.158300429582596
0.0553412325680256,-0.033830888569355,-0.132274746894836
0.198487132787704,0.0415766723453999,-0.132750555872917
0.213264063000679,0.11572539806366,-0.115678697824478
0.0528817027807236,0.0953585878014565,-0.0618744790554047
-0.00801598746329546,0.0998407676815987,-0.0126986876130104
0.0206166245043278,0.170661568641663,-0.00331790000200272
0.00751051027327776,0.0959528982639313,0.0503502599895
-0.0741514265537262,0.0317504703998566,0.0959275439381599
-0.0348905064165592,0.0891634002327919,0.157488152384758
-0.0652906522154808,0.0539578124880791,0.112228788435459
-0.155165180563927,0.036350179463625,0.0953947231173515
-0.115355469286442,0.0554162412881851,0.116395249962807
-0.0115759018808603,0.152028322219849,0.100952364504337
0.0113766696304083,0.0504182726144791,0.0129248853772879
0.0375736579298973,0.00230591651052237,0.0328565016388893
0.0907961428165436,-0.0108179775997996,0.139886423945427
0.181186884641647,0.0190528705716133,0.171472743153572
-0.0111025460064411,-0.01389030367136,0.19520728290081
-0.149698629975319,-0.124484293162823,0.187237113714218
0.0336241163313389,-0.0999997109174728,0.164898902177811
0.167225241661072,0.0136718032881618,0.123520001769066
0.0322176367044449,0.162181094288826,0.0700243636965752
-0.00217601750046015,0.20853316783905,0.0754243731498718
0.0371613726019859,0.38000014424324,0.0589998699724674
-0.0409612283110619,0.365641981363297,0.0425143018364906
-0.145425722002983,0.288328856229782,0.105971410870552
-0.221007764339447,0.284584850072861,0.0970402956008911
-0.25248971581459,0.281596750020981,0.0478306487202644
-0.202628940343857,0.201616331934929,-0.0372122749686241
-0.144120559096336,0.0267571117728949,0.00944243185222149
-0.19730244576931,-0.0195020027458668,0.060726523399353
-0.203635185956955,-0.057623565196991,0.0488841310143471
-0.18642769753933,-0.033979669213295,0.0523727834224701
-0.281946510076523,-0.00320149585604668,0.00735709443688393
-0.166014939546585,-0.0468585602939129,0.0232320539653301
-0.24097652733326,0.00641211960464716,-0.0107094664126635
-0.418021500110626,-0.0534033589065075,0.00498606450855732
-0.257815897464752,-0.128152132034302,0.164665743708611
-0.154868215322495,-0.14859764277935,0.123579725623131
-0.281948447227478,-0.239826649427414,0.161379724740982
-0.184416308999062,-0.263349235057831,0.133604407310486
-0.00725051481276751,-0.092779204249382,0.173928990960121
-0.120240554213524,-0.0762527585029602,0.224699392914772
-0.317440539598465,-0.195809245109558,0.233075171709061
-0.133498162031174,-0.144096896052361,0.340967267751694
0.0895864591002464,0.0310454461723566,0.417233228683472
-0.247346743941307,-0.0480853244662285,0.510087609291077
-0.379086434841156,-0.143689423799515,0.571644961833954
-0.077501505613327,0.00955172628164291,0.551959097385406
0.161869645118713,0.0798740833997726,0.466290861368179
-0.0592374838888645,0.0540272556245327,0.411388635635376
-0.156738981604576,-0.0288575328886509,0.467666357755661
0.0666874647140503,0.0585612058639526,0.501875638961792
0.1380465477705,0.0798582658171654,0.32501631975174
-0.0499521978199482,-0.0241042152047157,0.301673769950867
-0.144228145480156,-0.113774575293064,0.374803185462952
-0.0569475516676903,-0.140870854258537,0.461705148220062
-0.00827106088399887,-0.164240136742592,0.439767807722092
0.186135575175285,-0.0392379686236382,0.437523275613785
0.384783208370209,0.117030076682568,0.401922613382339
0.280947655439377,0.153742447495461,0.425923824310303
0.261611133813858,0.107543893158436,0.499543577432632
0.290462851524353,0.0690614879131317,0.468724459409714
0.179539814591408,0.0230049155652523,0.399442583322525
0.0383833013474941,0.0360209681093693,0.261371821165085
-0.0294790435582399,-0.0186138674616814,0.231772318482399
-0.0434122644364834,0.0992134734988213,0.339403480291367
0.0178291965276003,-0.0558132641017437,0.320636451244354
-0.0879844948649406,-0.109227113425732,0.179118007421494
0.121294759213924,0.00777637120336294,0.424827367067337
-0.283426433801651,-0.213861852884293,0.321798920631409
-0.349898546934128,-0.459049105644226,0.273378014564514
0.294100195169449,-0.190185219049454,0.432093858718872
0.109212026000023,-0.0407043918967247,0.364315539598465
-0.395813167095184,-0.295870780944824,0.284786760807037
-0.275970995426178,-0.303313881158829,0.482460021972656
0.000131615903228521,-0.0891806781291962,0.451709896326065
-0.207101374864578,-0.218088462948799,0.286749333143234
-0.108544707298279,-0.261317908763885,0.516971528530121
0.315374284982681,0.0772959738969803,0.569274127483368
0.127312213182449,-0.000312106683850288,0.32816618680954
0.179849848151207,-0.100502327084541,0.402772843837738
0.389713943004608,0.111073315143585,0.499349415302277
0.265000313520432,0.114159181714058,0.395322531461716
0.157914996147156,-0.000167966820299625,0.378547459840775
0.524889945983887,0.15604355931282,0.590712487697601
0.559591770172119,0.322866499423981,0.580567836761475
0.340064316987991,0.236317589879036,0.558583974838257
0.43542492389679,0.221684202551842,0.635121047496796
0.463687032461166,0.247060805559158,0.70148503780365
0.378438800573349,0.337630212306976,0.672915637493134
0.363478630781174,0.3650121986866,0.714725732803345
0.391902774572372,0.20784829556942,0.668715417385101
0.267301380634308,0.191587507724762,0.710095286369324
0.18703119456768,0.350896865129471,0.858873128890991
0.270979017019272,0.255225151777267,0.820233941078186
0.28774705529213,0.341168940067291,0.75041526556015
0.168283253908157,0.189849019050598,0.914683938026428
-0.0264323987066746,0.0598958432674408,0.905455827713013
-0.00601116521283984,-0.0120974984019995,0.818578660488129
0.052805732935667,0.00876909773796797,0.734484970569611
0.0751733332872391,0.0700896307826042,0.766712427139282
0.0163124985992908,0.0355165675282478,0.716597318649292
-0.0063838274218142,-0.0732558742165565,0.666958510875702
0.116951584815979,-0.0203539542853832,0.658430278301239
0.0981541126966476,0.0571578443050385,0.757687628269196
0.0510743074119091,0.0205507818609476,0.780753016471863
0.133296445012093,0.0677089840173721,0.711577892303467
0.225325033068657,0.0969471260905266,0.620887815952301
0.16911019384861,0.125527292490005,0.71986335515976
0.12628011405468,0.179849117994308,0.657801628112793
0.164434403181076,0.155914068222046,0.5485560297966
0.182953640818596,0.07659000903368,0.637468039989471
0.188298285007477,0.042612187564373,0.65982311964035
0.0435968339443207,0.0358998142182827,0.469767868518829
0.0141236670315266,-0.0300671812146902,0.40954264998436
0.116169817745686,-0.0431516245007515,0.453865885734558
0.134596183896065,-0.036868043243885,0.520207345485687
0.145419046282768,0.0358196683228016,0.497650027275085
0.0839932709932327,0.0310771744698286,0.368672013282776
0.0979008451104164,-0.0485523343086243,0.315092504024506
0.154246479272842,-0.0168012902140617,0.336628675460815
0.124608501791954,-0.00133434869349003,0.341820538043976
0.10050331056118,0.00962537433952093,0.318595260381699
0.0726751387119293,0.0246805585920811,0.299947619438171
0.0648166984319687,0.0575181171298027,0.274578154087067
-0.00775650516152382,0.0210259351879358,0.211944997310638
0.0315039865672588,0.0272383876144886,0.195833414793015
0.0878744125366211,0.0245845355093479,0.10491156578064
0.00602636765688658,-0.0282669384032488,0.107631132006645
-0.123129233717918,-0.187494441866875,0.0241786800324917
0.0130043886601925,-0.17305214703083,0.00257601216435432
0.0728537142276764,-0.0258343983441591,0.0153130888938904
0.0891072675585747,-0.0438031032681465,0.0180083028972149
0.0419267937541008,-0.161553293466568,0.0110533628612757
0.0168081652373075,-0.211645677685738,0.0317781530320644
0.0898640975356102,-0.125587940216064,0.0555589571595192
0.0914811789989471,-0.183629497885704,-0.041945718228817
-0.105126686394215,-0.194179445505142,-0.0699297934770584
-0.000844473484903574,-0.238332360982895,0.0357689335942268
-0.00348033756017685,-0.0235465168952942,0.0240133479237556
-0.141243755817413,-0.0632680207490921,-0.0686174929141998
-0.158691465854645,-0.132362604141235,-0.0128825642168522
-0.158433958888054,-0.0192247871309519,-0.0188090391457081
-0.321138441562653,0.0903673022985458,-0.139419868588448
-0.260253041982651,0.0549552775919437,-0.184685841202736
-0.167782098054886,-0.0309457182884216,-0.140993192791939
-0.124854512512684,0.0857546404004097,-0.0783250704407692
-0.159177243709564,0.196990415453911,-0.191062361001968
-0.199610769748688,-0.00519571453332901,-0.302074998617172
-0.116645097732544,-0.099358968436718,-0.167913749814034
-0.0173714533448219,-0.0739646181464195,-0.133719265460968
0.0245554968714714,-0.0477685742080212,-0.192381531000137
-0.112466081976891,-0.00239008571952581,-0.212467730045319
-0.143860653042793,-0.00556165631860495,-0.214807897806168
-0.156963422894478,-0.0270981509238482,-0.185784235596657
-0.142808496952057,-0.050528846681118,-0.209313705563545
-0.0208940245211124,0.093141034245491,-0.226974010467529
-0.0136348120868206,0.0846466645598412,-0.305773496627808
-0.0570201575756073,-0.114500902593136,-0.365125447511673
-0.0597558468580246,-0.0876535773277283,-0.396552801132202
-0.0596283785998821,-0.0366873927414417,-0.446415305137634
-0.0631991997361183,-0.0739580765366554,-0.451460659503937
-0.011242276057601,-0.0198639668524265,-0.417609572410583
0.00290090753696859,-0.00183693785220385,-0.538370430469513
-0.00697067705914378,-0.058176551014185,-0.492232322692871
0.0550288371741772,-0.0566793978214264,-0.476784735918045
0.133003577589989,-0.0520760118961334,-0.483691066503525
-0.00658356724306941,0.0194314941763878,-0.479823738336563
-0.0703646391630173,0.11934956908226,-0.462253749370575
0.000232469290494919,0.0776164531707764,-0.511688411235809
-0.0284161940217018,0.0208559427410364,-0.500129342079163
-0.0931792557239532,0.00820362567901611,-0.360597014427185
-0.258749544620514,0.0360071770846844,-0.50684380531311
-0.26509502530098,-0.0551223605871201,-0.540782809257507
-0.271230310201645,-0.145771682262421,-0.560663759708405
-0.231710255146027,-0.113008923828602,-0.562798798084259
-0.262868911027908,-0.0334334038197994,-0.591292381286621
-0.202598467469215,-0.0322925932705402,-0.589633405208588
-0.156953379511833,0.00309202168136835,-0.56966757774353
-0.181914389133453,0.0409240834414959,-0.536583721637726
-0.228872090578079,0.0497637875378132,-0.59311580657959
-0.264072686433792,0.0478525944054127,-0.614951729774475
-0.156484723091125,0.0443790778517723,-0.565772831439972
-0.149737939238548,0.0453074350953102,-0.522373139858246
-0.196161583065987,-0.0639736279845238,-0.46767657995224
-0.14797754585743,-0.106827072799206,-0.459744453430176
-0.101059339940548,-0.147863745689392,-0.403787285089493
-0.185544535517693,-0.16986195743084,-0.336353182792664
-0.14153853058815,-0.205734089016914,-0.367382109165192
-0.131525352597237,-0.26005619764328,-0.282194048166275
-0.152867883443832,-0.160820290446281,-0.34674260020256
-0.119664788246155,-0.13565257191658,-0.479591578245163
-0.0796362906694412,-0.143573388457298,-0.433717787265778
-0.038268119096756,-0.0875779539346695,-0.425633877515793
-0.020662309601903,-0.0569102466106415,-0.458167672157288
-0.00509416591376066,-0.120839163661003,-0.402729272842407
-0.000938465818762779,-0.0967021360993385,-0.352410763502121
-0.148773640394211,-0.137827694416046,-0.288350343704224
-0.166658028960228,-0.189821645617485,-0.270499765872955
-0.120275974273682,-0.155097424983978,-0.3355732858181
-0.0557151138782501,0.0308666974306107,-0.32937490940094
-0.195843890309334,0.119309961795807,-0.283152937889099
-0.121912449598312,0.0684258639812469,-0.224947243928909
-0.00654105097055435,0.00279099587351084,-0.234578132629395
-0.120350651443005,-0.0603893250226974,-0.255006641149521
-0.174309909343719,-0.0972526371479034,-0.200586691498756
-0.166540503501892,-0.120500728487968,-0.146608978509903
-0.139907747507095,-0.0491968840360641,-0.154555156826973
-0.126234337687492,-0.0873919427394867,-0.144713073968887
-0.0448862537741661,0.00426159612834454,-0.0825976431369781
-0.138285353779793,0.060753345489502,-0.0721996426582336
-0.227885723114014,-0.030157033354044,-0.0847824215888977
-0.0987679287791252,-0.064295768737793,-0.162719264626503
-0.0726202875375748,-0.0265152603387833,-0.145759418606758
0.00252446066588163,-0.0076559241861105,-0.137659400701523
0.124931767582893,0.133627474308014,-0.208115696907043
0.131949946284294,0.212156072258949,-0.187529549002647
0.0446568578481674,0.272172063589096,-0.13986337184906
-0.0216465033590794,0.214487671852112,-0.0750727951526642
-0.116684570908546,0.313858240842819,-0.0765767320990562
-0.159675359725952,0.274797022342682,-0.0516503751277924
-0.22484515607357,0.207458838820457,-0.0577617734670639
-0.0860812664031982,0.04701267182827,-0.0797508731484413
-0.0144043117761612,0.0159614626318216,-0.0931660979986191
0.0307854227721691,0.0992326587438583,-0.0547836311161518
0.0797521844506264,0.179456874728203,-0.120700784027576
0.0721507146954536,0.176229774951935,-0.135806813836098
0.0359109789133072,0.196448087692261,-0.0599630698561668
-0.0316532254219055,0.225512117147446,-0.0245122797787189
-0.128180667757988,0.190002679824829,-0.020660012960434
-0.0920969173312187,0.116547003388405,-0.00774001888930798
-0.0457458309829235,0.078242264688015,-0.0467690639197826
0.0829301401972771,0.0908711552619934,0.00320650823414326
0.0683345571160316,0.0482175163924694,0.006806630641222
-0.0145728038623929,0.0395253673195839,0.00814042612910271
0.024799695238471,0.0728385597467422,0.0146892704069614
0.0716023743152618,0.104743182659149,0.0010783988982439
-0.0297632794827223,0.167226731777191,0.0210008509457111
0.0476256348192692,0.104482188820839,0.0464944578707218
0.148057281970978,0.0600143298506737,0.0578109249472618
0.123493291437626,0.0499782636761665,0.0719062685966492
-0.0268105417490005,0.0026138024404645,0.143786400556564
-0.0231557004153728,-0.0808070600032806,0.184415832161903
0.0843058153986931,-0.0846070647239685,0.205381006002426
-0.0230274349451065,-0.0728115290403366,0.168033137917519
-0.100755892693996,-0.0898325368762016,0.131390362977982
0.0400698930025101,-0.129113167524338,0.115038491785526
0.166285544633865,-0.0191957056522369,0.129236921668053
0.00732369022443891,-0.00293156411498785,0.121526658535004
-0.176904141902924,-0.0630411729216576,0.130644708871841
-0.296916335821152,-0.132639199495316,0.194238543510437
-0.228859707713127,-0.200108423829079,0.206396132707596
-0.0485962070524693,-0.166489899158478,0.30644029378891
-0.111996218562126,-0.107747934758663,0.324217528104782
-0.165914535522461,-0.16219674050808,0.256311416625977
-0.127709090709686,-0.119431301951408,0.295904368162155
-0.0768514424562454,-0.0618688128888607,0.300453990697861
-0.215355306863785,-0.015827801078558,0.30043426156044
-0.161316722631454,0.00928696244955063,0.330509573221207
0.0474418960511684,0.0759318843483925,0.31001952290535
0.111416384577751,0.160173431038857,0.302488029003143
-0.0555080398917198,0.112436920404434,0.303492188453674
-0.365944892168045,-0.086029164493084,0.320296406745911
-0.334839880466461,-0.0878686159849167,0.3219895362854
0.122472338378429,-0.0248294956982136,0.271232545375824
0.0924959629774094,0.0585804432630539,0.264234960079193
-0.248006075620651,-0.0758988484740257,0.297845959663391
-0.246325373649597,-0.0649358779191971,0.325075775384903
-0.0125371273607016,-0.0569037050008774,0.232665449380875
0.0601495504379272,-0.0295526273548603,0.205148056149483
-0.0357387736439705,-0.0724209547042847,0.272858291864395
-0.00131041649729013,-0.0382688120007515,0.286485999822617
0.198492676019669,0.0761133804917336,0.250578075647354
0.229090109467506,0.125973626971245,0.217102974653244
0.0222490169107914,0.00937782227993011,0.138851627707481
0.00813435204327106,-0.0289303809404373,0.184431344270706
0.24882797896862,0.0381890013813972,0.17162761092186
0.237210378050804,0.0577379986643791,0.0991776958107948
-0.138375163078308,-0.0991676077246666,0.138573035597801
-0.0994608476758003,-0.209299325942993,0.2557452917099
0.171890780329704,-0.0902342051267624,0.219063356518745
0.116567827761173,-0.011678121984005,0.0669292062520981
0.0716752037405968,-0.0278804264962673,0.123249188065529
0.0898229852318764,0.0281821563839912,0.288183659315109
-0.0354012660682201,-0.0523218438029289,0.218396425247192
-0.0413878336548805,-0.115589804947376,0.204504996538162
0.0797887742519379,-0.00428309570997953,0.259148865938187
-0.0778580605983734,0.120460994541645,0.184033736586571
-0.255818963050842,0.0219053998589516,0.0588033348321915
-0.114585153758526,0.0525189749896526,0.145873516798019
-0.0473083145916462,0.0887394174933434,0.218445539474487
-0.228185564279556,0.0730193853378296,0.158561021089554
-0.32812887430191,0.176581516861916,0.0461581945419312
-0.0324439369142056,0.108924195170403,0.141344100236893
0.0456047020852566,0.0609662532806396,0.142633318901062
-0.0670224130153656,0.0425552427768707,0.0717118009924889
-0.105029933154583,0.070272795855999,0.0253313910216093
0.0730329677462578,0.0371987223625183,0.0874594300985336
0.184178113937378,0.0956511422991753,0.17109489440918
0.0539145395159721,0.12314198166132,0.138978362083435
-0.0128984544426203,0.0305855814367533,0.119227193295956
0.0435967966914177,0.0230952724814415,0.106315344572067
0.0647202432155609,0.0353333838284016,0.0680877864360809
0.0529168881475925,-0.00582568347454071,0.0408201850950718
0.0592060126364231,-0.0302071757614613,0.0456455275416374
